DATE,GDPC1,CoreCPI,TB3M,TB1Y,TB2Y,TB3Y,TB5Y,TB10Y,TB30Y,M2Real,UNRATE,WTIOIL,PPIACO,DSPI,PAYEMS,INDPRO,PCEPILFE,PCEPDG,HouseSales
1/1/1947,2034.45,,,,,,,,,,,1.62,24.83333333,,43566.33333,13.80593333,,,
4/1/1947,2029.024,,,,,,,,,,,1.87,25.03333333,,43649,13.81493333,,,
7/1/1947,2024.834,,,,,,,,,,,1.87,25.66666667,,43968.66667,13.84196667,,,
10/1/1947,2056.508,,,,,,,,,,,2.003333333,26.76666667,,44492,14.2202,,,
1/1/1948,2087.442,,,,,,,,,,3.733333333,2.57,27.36666667,,44631.66667,14.3643,,,
4/1/1948,2121.899,,,,,,,,,,3.666666667,2.57,27.53333333,,44736.33333,14.51736667,,,
7/1/1948,2134.056,,,,,,,,,,3.766666667,2.57,28.1,,45210.66667,14.65246667,,,
10/1/1948,2136.44,,,,,,,,,,3.833333333,2.57,27.73333333,,45156.33333,14.4994,,,
1/1/1949,2107.001,,,,,,,,,,4.666666667,2.57,26.96666667,,44468.33333,14.03106667,,,
4/1/1949,2099.814,,,,,,,,,,5.866666667,2.57,26.26666667,,43986.33333,13.5898,,,
7/1/1949,2121.493,,,,,,,,,,6.7,2.57,26.03333333,,43645,13.6168,,,
10/1/1949,2103.688,,,,,,,,,,6.966666667,2.57,25.96666667,,43235.33333,13.5538,,,
1/1/1950,2186.365,,,,,,,,,,6.4,2.57,26.03333333,,43592.33333,14.26523333,,,
4/1/1950,2253.045,,,,,,,,,,5.566666667,2.57,26.36666667,,44727.66667,15.463,,,
7/1/1950,2340.112,,,,,,,,,,4.633333333,2.57,27.86666667,,46028,16.7058,,,
10/1/1950,2384.92,,,,,,,,,,4.233333333,2.57,29.1,,46781,16.99396667,,,
1/1/1951,2417.311,,,,,,,,,,3.5,2.57,30.76666667,,47579.33333,17.3362,,,
4/1/1951,2459.196,,,,,,,,,,3.1,2.57,30.66666667,,47959,17.39026667,,,
7/1/1951,2509.88,,,,,,,,,,3.166666667,2.57,30.16666667,,48009,16.97596667,,,
10/1/1951,2515.408,,,,,,,,,,3.366666667,2.57,30.1,,48155.66667,17.09306667,,,
1/1/1952,2542.286,,,,,,,,,,3.066666667,2.57,29.86666667,,48440.66667,17.48933333,,,
4/1/1952,2547.762,,,,,,,,,,2.966666667,2.57,29.56666667,,48514.66667,17.23716667,,,
7/1/1952,2566.153,,,,,,,,,,3.233333333,2.57,29.66666667,,48795.66667,17.7415,,,
10/1/1952,2650.431,,,,,,,,,,2.833333333,2.57,29.3,,49859.66667,19.0113,,,
1/1/1953,2699.699,,,,,,,,,,2.7,2.57,29.13333333,,50318.66667,19.38956667,,,
4/1/1953,2720.566,,,,,,,,,,2.566666667,2.653333333,29.03333333,,50481.33333,19.65973333,,,
7/1/1953,2705.258,,,,,,,,,,2.733333333,2.82,29.36666667,,50464.33333,19.67773333,,,
10/1/1953,2664.302,,,,,,,,,,3.7,2.82,29.16666667,,49950.33333,18.7501,,,
1/1/1954,2651.566,,,,,,,,,,5.266666667,2.82,29.33333333,,49336,18.15573333,,,
4/1/1954,2654.456,,,,,,,,,,5.8,2.82,29.33333333,,49013,18.0837,,,
7/1/1954,2684.434,,,,,,,,,,5.966666667,2.82,29.26666667,,48849,18.17376667,,,
10/1/1954,2736.96,,,,,,,,,,5.333333333,2.82,29.1,,49151,18.67806667,,,
1/1/1955,2815.134,,,,,,,,,,4.733333333,2.82,29.23333333,,49700.66667,19.68673333,,,
4/1/1955,2860.942,,,,,,,,,,4.4,2.82,29.23333333,,50516.66667,20.5423,,,
7/1/1955,2899.578,,,,,,,,,,4.1,2.82,29.43333333,,51121.33333,20.85753333,,,
10/1/1955,2916.985,,,,,,,,,,4.233333333,2.82,29.53333333,,51608.66667,21.35283333,,,
1/1/1956,2905.656,,,,,,,,,,4.033333333,2.82,29.8,,52145.33333,21.43386667,,,
4/1/1956,2929.666,,,,,,,,,,4.2,2.82,30.23333333,,52489,21.3438,,,
7/1/1956,2927.034,,,,,,,,,,4.133333333,2.82,30.4,,52396.66667,21.22673333,,,
10/1/1956,2975.209,,,,,,,,,,4.133333333,2.82,30.7,,52842.33333,22.0012,,,
1/1/1957,2994.259,,,,,,,,,,3.933333333,2.986666667,31,,53046.66667,22.20836667,,,
4/1/1957,2987.699,,,,,,,,,,4.1,3.07,31.06666667,,53151.66667,21.9292,,,
7/1/1957,3016.979,,,,,,,,,,4.233333333,3.07,31.33333333,,53061.66667,22.01026667,,,
10/1/1957,2985.775,,,,,,,,,,4.933333333,3.046666667,31.3,,52568.33333,21.08263333,,,
1/1/1958,2908.281,,,,,,,,,,6.3,3.07,31.56666667,,51650.33333,19.89386667,,,
4/1/1958,2927.395,,,,,,,,,,7.366666667,3.07,31.63333333,,50951.66667,19.56066667,,,
7/1/1958,2995.112,,,,,,,,,,7.333333333,3.07,31.6,,51259.33333,20.59633333,,,
10/1/1958,3065.141,,,,,,,,,,6.366666667,3.023333333,31.56666667,,51838,21.52396667,,,
1/1/1959,3123.978,,,,,,,,,992.7666667,5.833333333,2.99,31.7,2200.1,52726.66667,22.46956667,16.70266667,43.63333333,
4/1/1959,3194.429,,,,,,,,,1005.833333,5.1,2.97,31.76666667,2235.566667,53517.33333,23.55926667,16.79233333,45.5,
7/1/1959,3196.683,,,,,,,,,1014.3,5.266666667,2.97,31.66666667,2232.566667,53522.66667,22.59566667,16.90433333,46.33333333,
10/1/1959,3205.79,,,,,,,,,1011.7,5.6,2.97,31.53333333,2248.4,53722,22.7037,17.00133333,44.1,
1/1/1960,3277.847,,,,,,,,,1015.866667,5.133333333,2.97,31.66666667,2274.366667,54413.66667,24.0726,17.055,45.43333333,
4/1/1960,3260.177,,,,,,,,,1018.133333,5.233333333,2.97,31.73333333,2289.1,54545.33333,23.55023333,17.11966667,46.43333333,
7/1/1960,3276.133,,,,,,,,,1035.7,5.533333333,2.97,31.63333333,2293.466667,54268.33333,23.163,17.187,45.93333333,
10/1/1960,3234.087,,,,,,,,,1044.1,6.266666667,2.97,31.7,2292.5,53948.33333,22.60466667,17.243,44.7,
1/1/1961,3255.914,,,,,,,,,1060,6.8,2.97,31.8,2314.166667,53633,22.26243333,17.27233333,42.23333333,
4/1/1961,3311.181,,,,,,,,,1079.9,7,2.97,31.46666667,2349.3,53796.66667,23.145,17.32933333,43.33333333,
7/1/1961,3374.742,,,,,,,,,1093.833333,6.766666667,2.97,31.5,2380.566667,54269.66667,23.88346667,17.40466667,44.56666667,
10/1/1961,3440.924,,,,,,,,,1111.5,6.2,2.97,31.53333333,2427,54712,24.721,17.447,46.66666667,
1/1/1962,3502.298,,,3.202258065,,3.631451613,3.83516129,4.016290323,,1130.066667,5.633333333,2.97,31.7,2450.9,55118,25.09023333,17.511,47.7,
4/1/1962,3533.947,,,3.014444444,,3.38984127,3.631428571,3.875714286,,1149.666667,5.533333333,2.97,31.53333333,2477.366667,55624.66667,25.3334,17.57833333,49.03333333,
7/1/1962,3577.362,,,3.187777778,,3.496507937,3.739365079,3.98952381,,1164.2,5.566666667,2.97,31.7,2490.733333,55854,25.60353333,17.63633333,49.56666667,
10/1/1962,3589.128,,,2.993606557,,3.363442623,3.599672131,3.902459016,,1184.666667,5.533333333,2.97,31.66666667,2512.8,56041.66667,25.8197,17.66933333,51.53333333,
1/1/1963,3628.306,,,3.027868852,,3.401639344,3.638852459,3.892131148,,1207.233333,5.766666667,2.97,31.53333333,2534.666667,56221.66667,26.29703333,17.728,52.6,505.3333333
4/1/1963,3669.02,,,3.141746032,,3.546349206,3.754444444,3.963650794,,1231.2,5.733333333,2.97,31.5,2557.933333,56618.33333,26.99046667,17.79466667,53.9,572.3333333
7/1/1963,3749.681,,,3.52609375,,3.78015625,3.9109375,4.03203125,,1248.6,5.5,2.97,31.63333333,2585.933333,56927.33333,27.17056667,17.86333333,54.73333333,608.3333333
10/1/1963,3774.264,,,3.726885246,,3.939180328,4.006721311,4.118196721,,1269.333333,5.566666667,2.97,31.63333333,2628.066667,57299.66667,27.62986667,17.94966667,55.73333333,553.3333333
1/1/1964,3853.835,,,3.830819672,,4.055737705,4.082622951,4.178688525,,1285.266667,5.466666667,2.97,31.66666667,2679.466667,57712.33333,28.00813333,18.02533333,57.96666667,573.3333333
4/1/1964,3895.793,,,3.86140625,,4.0675,4.075,4.20078125,,1305.133333,5.2,2.97,31.53333333,2751.733333,58076.66667,28.66556667,18.07933333,59.5,554
7/1/1964,3956.657,,,3.765625,,3.95515625,4.05203125,4.194375,,1331.633333,5,2.92,31.63333333,2787.6,58644.66667,29.12483333,18.12966667,61.33333333,582.3333333
10/1/1964,3968.878,,,3.933770492,,4.047213115,4.067377049,4.174590164,,1352.6,4.966666667,2.92,31.7,2819.3,59144,29.56616667,18.17533333,59.36666667,557
1/1/1965,4064.915,,,4.01295082,,4.08295082,4.133278689,4.203770492,,1375.433333,4.9,2.92,31.86666667,2852.533333,59795,30.68286667,18.244,64.93333333,549.3333333
4/1/1965,4116.267,,,4.018253968,,4.102063492,4.149365079,4.20952381,,1389.433333,4.666666667,2.92,32.16666667,2884.633333,60480,31.39433333,18.301,64.8,571
7/1/1965,4207.782,,,4.08578125,,4.1634375,4.20171875,4.24921875,,1412.366667,4.366666667,2.92,32.4,2963.6,61227.66667,32.05176667,18.35766667,66.7,585.3333333
10/1/1965,4304.731,,,4.473114754,,4.53557377,4.514754098,4.476393443,,1435.7,4.1,2.92,32.63333333,3023.266667,62012.33333,32.70016667,18.41833333,69.13333333,593.3333333
1/1/1966,4409.518,,,4.930634921,,4.964444444,4.92,4.773968254,,1449.766667,3.866666667,2.92,33.1,3053.166667,62839,33.63676667,18.511,72.3,565.6666667
4/1/1966,4424.581,,,4.934285714,,4.979047619,4.898571429,4.782063492,,1454.066667,3.833333333,2.92,33.23333333,3061.233333,63753.33333,34.33923333,18.661,69.73333333,492.6666667
7/1/1966,4462.053,,,5.51921875,,5.5834375,5.3965625,5.14609375,,1450.1,3.766666667,2.936666667,33.56666667,3098.633333,64483.66667,34.87056667,18.815,72.33333333,390
10/1/1966,4498.66,,,5.4365,,5.394833333,5.205666667,4.998,,1452.8,3.7,2.97,33.33333333,3135,65024,35.2038,18.978,72.63333333,379.3333333
1/1/1967,4538.498,,,4.593934426,,4.643114754,4.653606557,4.579672131,,1472.566667,3.833333333,2.99,33.36666667,3182.233333,65455.33333,35.00983333,19.08233333,71.13333333,421
4/1/1967,4541.28,,,4.24953125,,4.62953125,4.76359375,4.8284375,,1498.766667,3.833333333,3,33.3,3207.466667,65612,34.86716667,19.21,74.5,493.6666667
7/1/1967,4584.246,,,5.127301587,,5.234603175,5.311904762,5.246984127,,1524.166667,3.8,3.046666667,33.43333333,3238,66065,35.10696667,19.38466667,74.66666667,516.6666667
10/1/1967,4618.812,,,5.560819672,,5.642295082,5.696721311,5.641803279,,1539.566667,3.9,3.07,33.5,3261.633333,66609.33333,36.04636667,19.58033333,75.63333333,522.6666667
1/1/1968,4713.013,3.83122246,,5.476129032,,5.647903226,5.626451613,5.610967742,,1550.666667,3.733333333,3.07,33.96666667,3316,67104.66667,36.5609,19.803,80.86666667,509
4/1/1968,4791.758,4.273576249,,5.951451613,,5.897096774,5.865322581,5.746129032,,1561,3.566666667,3.07,34.16666667,3370.6,67704.33333,37.0538,20.03366667,83.06666667,461
7/1/1968,4828.892,4.896134933,,5.51,,5.4521875,5.5246875,5.45859375,,1570.066667,3.533333333,3.07,34.3,3381.366667,68313.33333,37.3413,20.258,87.53333333,500.3333333
10/1/1968,4847.885,5.446055225,,5.832419355,,5.749354839,5.775,5.767741935,,1586.8,3.4,3.07,34.5,3407.5,68984.33333,37.90836667,20.49333333,87.83333333,494
1/1/1969,4923.76,5.892765859,,6.362622951,,6.305409836,6.331147541,6.170983607,,1594.433333,3.4,3.13,35,3415.966667,69681,38.64586667,20.71733333,90,492.6666667
4/1/1969,4938.728,6.571965996,,6.574285714,,6.53015873,6.526031746,6.356984127,,1583.466667,3.433333333,3.35,35.5,3449.333333,70345.33333,38.8145,20.96533333,90.46666667,452.6666667
7/1/1969,4971.349,6.562047657,,7.652857143,,7.456349206,7.201904762,6.856825397,,1571.933333,3.566666667,3.35,35.76666667,3519.7,70883.66667,39.28043333,21.20733333,90.63333333,418
10/1/1969,4947.104,6.483848334,,7.899180328,,7.784590164,7.675409836,7.310491803,,1561.533333,3.566666667,3.35,36.1,3546.6,71149.33333,39.0342,21.45633333,90.83333333,431.3333333
1/1/1970,4939.759,6.916756749,,7.55,,7.722666667,7.728833333,7.375166667,,1542.633333,4.166666667,3.35,36.63333333,3583.866667,71310.66667,38.0885,21.69033333,89.6,407.6666667
4/1/1970,4946.77,7.010862737,,7.446769231,,7.717230769,7.771692308,7.71,,1531.566667,4.766666667,3.35,36.83333333,3628.1,71167,37.87896667,21.935,91.03333333,465.3333333
7/1/1970,4992.357,7.107599958,,6.940625,,7.38203125,7.4871875,7.45796875,,1550.1,5.166666667,3.31,37.03333333,3686.066667,70978,37.74336667,22.17966667,92,520
10/1/1970,4938.857,7.284990029,,5.641147541,,6.31147541,6.50442623,6.846065574,,1569,5.833333333,3.393333333,37.1,3677.233333,70574,36.92743333,22.491,87.33333333,565.6666667
1/1/1971,5072.996,6.312203513,,4.034262295,,5.032295082,5.45852459,5.999508197,,1605.8,5.933333333,3.56,37.6,3750.6,70844,37.63936667,22.77566667,98.06666667,639
4/1/1971,5100.447,5.235265336,,5.004126984,,5.841111111,6.158571429,6.251587302,,1652.633333,5.9,3.56,38.06666667,3805.133333,71179,37.9803,23.03566667,100.9666667,642
7/1/1971,5142.422,4.951664053,,5.75203125,,6.32875,6.5128125,6.48546875,,1685.166667,6.033333333,3.56,38.36666667,3825.1,71434,38.09743333,23.25266667,103.4333333,663.3333333
10/1/1971,5154.547,4.032646675,,4.720819672,,5.387868852,5.793114754,5.888032787,,1718.1,5.933333333,3.56,38.4,3869.733333,71866,38.98046667,23.38566667,107.3,682
1/1/1972,5249.337,3.899723478,,4.413015873,,5.321587302,5.721269841,6.032222222,,1755.533333,5.766666667,3.56,39.06666667,3887.433333,72677.66667,40.6483,23.60966667,110.7,683
4/1/1972,5368.485,3.791989848,,4.8409375,,5.6821875,5.970625,6.1409375,,1787.966667,5.7,3.56,39.5,3927.8,73463,41.42136667,23.76933333,114.0666667,682.6666667
7/1/1972,5419.184,3.333424178,,5.148888889,,5.872222222,6.077460317,6.287142857,,1833.433333,5.566666667,3.56,40.1,4004.166667,74038,41.93573333,23.948,117.6,740.3333333
10/1/1972,5509.926,3.259740597,,5.437833333,,6.001,6.152333333,6.372833333,,1874.966667,5.366666667,3.56,40.5,4164.666667,74971.66667,43.3768,24.09833333,123.4,783.3333333
1/1/1973,5646.286,2.889478265,,6.317903226,,6.568870968,6.580806452,6.600967742,,1889.866667,4.933333333,3.56,42.46666667,4196.266667,75971.66667,44.62316667,24.26633333,131.8333333,747.6666667
4/1/1973,5707.755,3.107185687,,7.016666667,,6.815396825,6.723968254,6.808095238,,1881.466667,4.933333333,3.56,44.53333333,4231.666667,76663.33333,45.00566667,24.59666667,131.3,657
7/1/1973,5677.738,3.433423066,,8.522380952,,7.57952381,7.357301587,7.218730159,,1871.133333,4.8,4.06,46.36666667,4250.8,77119,45.3931,24.924,130.8,576
10/1/1973,5731.632,5.011384234,,7.414,,6.873166667,6.828166667,6.756333333,,1848.333333,4.766666667,4.31,46.73333333,4297.3,77852.66667,46.06536667,25.27033333,128.2333333,543.6666667
1/1/1974,5682.353,6.330956607,,7.378852459,,7.037213115,7.035081967,7.055245902,,1828.133333,5.133333333,10.11,49.86666667,4226.166667,78216.66667,45.65123333,25.70433333,126.6666667,544.6666667
4/1/1974,5695.859,7.836785438,,8.693015873,,8.156825397,8.066507937,7.541904762,,1801.933333,5.2,10.11,51.6,4186.766667,78511.66667,45.69053333,26.34333333,130.6,556
7/1/1974,5642.025,10.10159446,,9.015,,8.49578125,8.4628125,7.95984375,,1771.4,5.633333333,10.11,55.26666667,4190.466667,78621.66667,45.50846667,27.09633333,136.3333333,512.3333333
10/1/1974,5620.126,11.04530303,,7.676065574,,7.622622951,7.65557377,7.673770492,,1744.9,6.6,11.16,57.2,4184.8,78182.33333,43.70186667,27.75833333,127.1333333,438.3333333
1/1/1975,5551.713,11.69226957,,6.3355,,6.9145,7.283666667,7.544166667,,1740.866667,8.266666667,11.16,57.16666667,4178.633333,76953,40.79956667,28.301,131.7666667,438.3333333
4/1/1975,5591.382,11.04527529,,6.5328125,,7.44640625,7.74328125,8.051875,,1783.133333,8.866666667,11.16,57.8,4371.933333,76535,40.26433333,28.73166667,136.7,559.6666667
7/1/1975,5687.087,9.093553764,,7.51515625,,8.04890625,8.20125,8.2915625,,1811.8,8.466666667,11.16,59.03333333,4308.3,77050.33333,41.24846667,29.16333333,146.7666667,563.6666667
10/1/1975,5763.665,8.001855845,,6.695245902,,7.576393443,7.848196721,8.063278689,,1822,8.3,11.16,59.66666667,4342.133333,77747.33333,42.14963333,29.638,153.3666667,652.6666667
1/1/1976,5893.276,7.518517405,,5.985806452,,7.063225806,7.466451613,7.754032258,,1858.6,7.733333333,11.76333333,59.93333333,4394.433333,78789,43.4432,30.08866667,163.3,612.6666667
4/1/1976,5936.515,6.946926417,,6.283809524,,7.141428571,7.483650794,7.773015873,,1897.433333,7.566666667,12.17,60.86666667,4419.433333,79326.66667,44.00823333,30.449,165.9,590.6666667
7/1/1976,5969.089,7.223917937,,6.015625,6.6325,6.8775,7.30796875,7.7321875,,1917.266667,7.733333333,12.74666667,61.6,4453.9,79714.33333,44.5958,30.92633333,169.8666667,669.3333333
10/1/1976,6012.356,6.587781005,,5.215901639,5.710819672,5.988032787,6.446065574,7.178196721,,1958.2,7.766666667,13.9,62.13333333,4482.166667,80199.66667,45.4021,31.41,175.4333333,736.6666667
1/1/1977,6083.391,6.079310382,,5.420634921,6.024761905,6.37952381,6.783650794,7.356984127,,1988.3,7.5,13.9,63.46666667,4492.2,81023,46.3286,31.93833333,183.9333333,845.3333333
4/1/1977,6201.659,6.757887114,,5.7,6.117777778,6.416507937,6.828730159,7.366031746,7.721269841,2006.833333,7.133333333,13.9,65.03333333,4534.4,82101.33333,47.78073333,32.427,189.2333333,803.6666667
7/1/1977,6313.559,6.872991514,,6.291428571,6.544126984,6.71968254,6.976825397,7.358888889,7.658412698,2025.033333,6.9,14.53333333,65.13333333,4597.366667,83147,48.29803333,32.96633333,194,801.6666667
10/1/1977,6313.697,7.120168807,,6.959166667,7.142333333,7.239166667,7.3815,7.597166667,7.8555,2036.933333,6.666666667,14.85,65.86666667,4685.266667,84127.66667,48.60103333,33.44533333,200.7,827.6666667
1/1/1978,6333.848,7.406320249,,7.309180328,7.541311475,7.658852459,7.818688525,8.007704918,8.221311475,2039.9,6.333333333,14.85,67.46666667,4722.133333,85000.66667,48.45863333,33.967,198.1333333,800
4/1/1978,6578.605,7.603443125,,7.79984127,8.004285714,8.082063492,8.176984127,8.325555556,8.427619048,2031.8,6,14.85,69.5,4772.133333,86540.33333,50.4174,34.553,216.2,851.6666667
7/1/1978,6644.754,8.249611949,,8.441111111,8.468730159,8.420634921,8.427936508,8.485396825,8.528571429,2022.533333,6.033333333,14.85,70.6,4809.166667,87436,50.84216667,35.14566667,216.7333333,785.6666667
10/1/1978,6734.069,9.123698449,,9.804262295,9.323442623,8.99295082,8.840819672,8.815081967,8.766721311,2013.566667,5.9,14.85,72.2,4840.8,88339.33333,51.7387,35.777,222.2666667,825
1/1/1979,6746.176,9.453212684,,10.30435484,9.793387097,9.394193548,9.182580645,9.105483871,8.989193548,1992.9,5.866666667,15.51666667,74.83333333,4899.366667,89114,51.97166667,36.26566667,223.2666667,756.6666667
4/1/1979,6753.389,10.10561986,,9.93483871,9.591290323,9.266612903,9.109677419,9.115,9.066774194,1977.333333,5.7,17.68333333,77.46666667,4855.266667,89771.33333,51.85853333,37.06266667,222.1333333,725
7/1/1979,6803.558,10.82605789,,10.12873016,9.531904762,9.237936508,9.111111111,9.095079365,9.02015873,1960.9,5.866666667,25.58333333,79.9,4877.3,90281.33333,51.7013,37.747,230.9,723.6666667
10/1/1979,6820.572,11.99771034,,12.27606557,11.55639344,10.94360656,10.65081967,10.43786885,10.07934426,1929.066667,5.966666667,30.83333333,82.7,4885.666667,90575.33333,51.90186667,38.53466667,229.0666667,608.6666667
1/1/1980,6842.024,13.82947108,,13.90241935,13.23370968,12.55322581,12.23467742,11.95580645,11.65709677,1888.4,6.3,35.83333333,86.53333333,4902.533333,90892.33333,52.1174,39.477,232.0333333,535.6666667
4/1/1980,6701.046,15.24820583,,10.2815873,10.22666667,10.12619048,10.33365079,10.47761905,10.52492063,1853.833333,7.333333333,39.5,88.26666667,4859.533333,90456.66667,49.91953333,40.36,211.9333333,463.6666667
7/1/1980,6693.082,13.54311082,,10.11359375,10.35625,10.47171875,10.64421875,10.94171875,10.85,1874.633333,7.666666667,37.83333333,91.16666667,4914.033333,90050.66667,49.07756667,41.25866667,225.3666667,630.3333333
10/1/1980,6817.903,12.92799735,,13.8152459,13.20278689,12.96196721,12.63245902,12.40557377,12.09622951,1862.333333,7.4,36.33333333,93.26666667,4981.733333,90726.66667,50.97603333,42.264,236.2333333,551.6666667
1/1/1981,6951.495,11.23383917,,14.09262295,13.56655738,13.37934426,13.18983607,12.95065574,12.53327869,1843.133333,7.433333333,38,96.1,4974.8,91116,51.1081,43.20133333,246.0333333,511.6666667
4/1/1981,6899.98,9.549562502,,15.10460317,14.68968254,14.47587302,14.17904762,13.74047619,13.24285714,1854.366667,7.4,37.33333333,98.26666667,4980.6,91356.33333,51.25343333,44.018,240.9666667,450.6666667
7/1/1981,6982.609,11.79664533,,16.310625,16.0215625,15.78,15.41796875,14.8384375,14.13234375,1836.033333,7.4,36,98.93333333,5087.966667,91547.66667,51.7525,44.82866667,251.9333333,382.3333333
10/1/1981,6906.529,10.57931451,12.34616667,13.59114754,13.9452459,14.13196721,14.15590164,14.11672131,13.84786885,1853.333333,8.233333333,35.33333333,98.83333333,5093.633333,91148.66667,50.60983333,45.62566667,236.8666667,398.3333333
1/1/1982,6799.233,9.329178417,13.46934426,14.30163934,14.50245902,14.47344262,14.36262295,14.26803279,13.96213115,1878.566667,8.833333333,31.29666667,99.7,5105.9,90520.66667,49.58476667,46.294,246.4333333,369
4/1/1982,6830.251,9.035612613,13.0515873,13.80746032,14.15920635,14.1552381,14.07206349,13.94206349,13.52190476,1891.433333,9.433333333,34.81666667,99.8,5136.766667,90040.66667,48.95926667,46.92033333,249.2333333,364.3333333
7/1/1982,6804.139,7.089145699,9.67375,11.833125,12.62984375,12.88140625,13.1028125,13.1125,12.794375,1889.733333,9.9,34.58,100.2333333,5161.366667,89355.66667,48.25443333,47.67233333,252.1333333,421
10/1/1982,6806.857,5.28257122,8.170327869,9.12,9.876065574,10.15557377,10.46114754,10.66344262,10.74622951,1926.266667,10.66666667,33.85,100.3333333,5177.533333,88821.33333,47.35523333,48.336,264.3333333,518.3333333
1/1/1983,6896.561,4.726415722,8.398730159,8.866507937,9.540634921,9.794920635,10.11666667,10.55587302,10.7068254,2031.066667,10.36666667,29.65333333,100.3666667,5226.433333,88999,47.8902,48.97133333,268.9,580
4/1/1983,7053.5,3.616765647,8.726190476,9.190952381,9.756031746,9.923015873,10.23761905,10.55,10.6531746,2059.566667,10.13333333,30.53666667,100.7333333,5262.7,89676.33333,48.95713333,49.346,289.5666667,651
7/1/1983,7194.504,2.709386915,9.5246875,10.3028125,10.85796875,11.10171875,11.43140625,11.63640625,11.62453125,2071.9,9.366666667,31.56,101.7,5341.566667,90604.33333,50.63166667,50.095,302.4,595.3333333
10/1/1983,7344.597,3.770195337,9.156333333,9.953333333,10.6935,10.9885,11.41283333,11.68916667,11.737,2088.666667,8.533333333,29.83,102.2,5460.533333,91875,51.94873333,50.496,319.3,683
1/1/1984,7488.167,4.554828276,9.545806452,10.18887097,10.92467742,11.19967742,11.65225806,11.95451613,12.03629032,2103.866667,7.866666667,30.19866667,103.3333333,5569.466667,93086.33333,53.48083333,51.00666667,331.4333333,676
4/1/1984,7617.547,4.713959521,10.18793651,11.56047619,12.36666667,12.65031746,13.01968254,13.21396825,13.18396825,2129.133333,7.433333333,30.36833333,104.0333333,5662.166667,94123,54.29373333,51.603,341.2666667,628
7/1/1984,7690.985,5.023548156,10.74571429,11.81698413,12.51285714,12.6431746,12.83539683,12.8731746,12.68904762,2138.633333,7.433333333,29.10433333,103.8,5736.866667,95055,54.65826667,52.08766667,342.0666667,616
10/1/1984,7754.117,5.041927942,9.164918033,10.04704918,10.83868852,11.13098361,11.50672131,11.76065574,11.69885246,2167.366667,7.3,27.43066667,103.5333333,5783.733333,95906,54.6894,52.45833333,353.8333333,627
1/1/1985,7829.26,4.853494656,8.464666667,9.398333333,10.275,10.683,11.19783333,11.5865,11.584,2212.233333,7.233333333,27.05,103.2666667,5768.766667,96572.33333,54.87146667,53.174,368,666
4/1/1985,7898.194,4.949265851,7.72047619,8.48047619,9.401587302,9.773650794,10.32555556,10.82349206,10.99587302,2231.1,7.3,27.857,103.3666667,5881.033333,97269.66667,54.9214,53.63533333,373.2333333,673.3333333
7/1/1985,8018.809,4.893644946,7.34031746,7.986031746,8.896031746,9.281587302,9.771428571,10.33555556,10.55301587,2264.4,7.2,27.791,102.6666667,5862.666667,97844.33333,54.83786667,54.18633333,396.4333333,723.3333333
10/1/1985,8078.415,5.024225993,7.4,7.856451613,8.534516129,8.845967742,9.236774194,9.766129032,10.03983871,2274.6,7.033333333,29.193,103.3,5924.633333,98428.33333,55.15856667,54.57466667,383.7333333,703
1/1/1986,8153.829,5.217254323,7.119,7.458833333,7.777666667,7.941833333,8.1655,8.567,8.769333333,2296.4,7.033333333,17.00166667,101.7333333,6002.533333,98837.66667,55.49086667,55.16466667,391.6333333,780.3333333
4/1/1986,8190.552,5.151226607,6.3209375,6.6046875,6.9778125,7.174375,7.39984375,7.59796875,7.490625,2368.566667,7.166666667,13.92,99.83333333,6079.3,99174.66667,55.1535,55.54233333,407.3,791.3333333
7/1/1986,8268.935,4.925508482,5.6840625,5.99515625,6.4496875,6.66265625,6.93015625,7.30546875,7.40421875,2412.9,6.966666667,13.86,99.36666667,6118.133333,99665,55.36763333,55.924,445.7,694
10/1/1986,8313.338,4.711365407,5.502096774,5.797903226,6.275806452,6.487580645,6.751935484,7.264032258,7.528064516,2449.2,6.833333333,15.37833333,99.73333333,6127.4,100312.6667,55.99543333,56.378,441.1333333,720
1/1/1987,8375.274,4.395507335,5.699672131,5.926557377,6.351147541,6.519180328,6.740983607,7.195409836,7.493606557,2458.3,6.6,18.229,100.9,6183.866667,100920.3333,56.7359,56.73233333,418.5,718
4/1/1987,8465.63,4.316796435,5.839047619,6.764444444,7.45,7.717777778,7.946190476,8.342698413,8.530634921,2451.433333,6.266666667,19.364,102.5,6125.7,101709,57.7458,57.28233333,439.1,674.3333333
7/1/1987,8539.075,4.246141388,6.23890625,7.11859375,7.84,8.13828125,8.418125,8.8696875,9.05921875,2440.7,6,20.385,103.6666667,6235.533333,102438,58.83616667,57.79466667,460.5333333,660.3333333
10/1/1987,8685.694,4.320104959,6.070806452,7.251612903,7.99,8.296612903,8.632419355,9.129032258,9.235967742,2445.133333,5.833333333,18.66966667,104.1666667,6319.6,103390.3333,60.24533333,58.38233333,449.9666667,623.3333333
1/1/1988,8730.569,4.407377685,5.902419355,6.771612903,7.351612903,7.572903226,7.90016129,8.410967742,8.626612903,2468.733333,5.7,16.714,104.7666667,6412.333333,104152,60.80926667,58.94566667,470.4666667,639
4/1/1988,8845.28,4.506374726,6.40968254,7.305873016,7.877301587,8.101428571,8.425714286,8.912857143,9.061428571,2487.966667,5.466666667,17.281,106.5,6478.366667,105006.6667,61.33656667,59.66033333,473.2666667,700
7/1/1988,8897.107,4.709611446,7.24828125,8.015,8.46515625,8.6021875,8.76859375,9.10359375,9.17546875,2480.733333,5.466666667,15.163,108,6540.933333,105745.6667,61.5643,60.34733333,470.4,690
10/1/1988,9015.661,4.722293639,7.997213115,8.533442623,8.709180328,8.762295082,8.802131148,8.95704918,8.974098361,2475.366667,5.333333333,14.68033333,108.5,6602.7,106597,61.997,61.02166667,486.2,668
1/1/1989,9107.314,4.769854293,8.855737705,9.300163934,9.418360656,9.382131148,9.318360656,9.211639344,9.038852459,2461.266667,5.2,18.418,110.9333333,6677.766667,107403,62.2879,61.68766667,486.4666667,636
4/1/1989,9176.827,4.710770986,8.703125,8.9134375,8.943125,8.9,8.8178125,8.75796875,8.69796875,2438.8,5.233333333,20.359,112.8,6658.166667,107910.3333,62.0624,62.24866667,493.3333333,635.3333333
7/1/1989,9244.816,4.81840383,8.113333333,8.103809524,8.085873016,8.076825397,8.033015873,8.107460317,8.118730159,2466.366667,5.233333333,19.25333333,112.4,6702.4,108186,61.67073333,62.712,505.6333333,689
10/1/1989,9263.033,4.823784612,7.908064516,7.829516129,7.851774194,7.864677419,7.842741935,7.907096774,7.933225806,2489.333333,5.366666667,20.333,112.8333333,6759.166667,108688,61.91413333,63.286,491.8666667,653
1/1/1990,9364.259,5.021605402,8.026451613,8.131451613,8.36483871,8.385967742,8.383709677,8.423870968,8.441774194,2482.733333,5.3,21.72233333,114.5,6811,109426,62.37686667,64.015,515.3666667,595
4/1/1990,9398.243,5.288781503,8.010793651,8.270952381,8.571111111,8.622857143,8.644285714,8.674126984,8.647936508,2479,5.333333333,17.89666667,114.3333333,6858.433333,109793.6667,62.82936667,64.73,498.4333333,540.3333333
7/1/1990,9404.494,5.779878597,7.725396825,7.828253968,8.098730159,8.248730159,8.424603175,8.701269841,8.791587302,2463.566667,5.7,26.49966667,116.4666667,6856.133333,109652.6667,63.09683333,65.38433333,493.5666667,522
10/1/1990,9318.876,5.731139863,7.219354839,7.313064516,7.606129032,7.767258065,8.035322581,8.405967742,8.55516129,2440.5,6.133333333,31.853,119.8666667,6797.533333,109249,62.13183333,65.93333333,480.9333333,474
1/1/1991,9275.276,5.739632447,6.211666667,6.442,7.036,7.2745,7.652,8.022833333,8.201166667,2452.166667,6.6,21.78066667,117.4666667,6814.533333,108787.6667,60.95773333,66.51833333,471.7,463.3333333
4/1/1991,9347.597,5.170278971,5.73625,6.23796875,6.8940625,7.2421875,7.77484375,8.12546875,8.31140625,2465.5,6.833333333,20.75266667,116.3,6864.366667,108315.6667,61.31906667,67.031,475.2333333,513.6666667
7/1/1991,9394.834,4.538412791,5.5459375,5.89515625,6.52109375,6.90328125,7.501875,7.95,8.18859375,2456.333333,6.866666667,21.655,116.1333333,6892.366667,108312.6667,62.18876667,67.63466667,484.3666667,508
10/1/1991,9427.581,4.349064286,4.679677419,4.873870968,5.503709677,5.846129032,6.561612903,7.345,7.850322581,2443.833333,7.1,21.73666667,116.2333333,6949.666667,108327,62.30936667,68.16666667,477.4333333,552.3333333
1/1/1992,9540.444,3.979536828,4.002096774,4.364354839,5.293870968,5.774516129,6.59483871,7.306935484,7.803064516,2448.333333,7.366666667,18.91033333,115.9,7089.533333,108348.3333,62.2378,68.68833333,496.2,622.6666667
4/1/1992,9643.893,3.963748338,3.768095238,4.217777778,5.203174603,5.775238095,6.64984127,7.376031746,7.897619048,2431.233333,7.6,21.186,117.1666667,7159.866667,108627.6667,63.3449,69.17366667,500.9666667,565.3333333
7/1/1992,9739.185,3.597753354,3.15109375,3.42015625,4.15078125,4.685625,5.60796875,6.61875,7.445625,2415.466667,7.633333333,21.67033333,117.8666667,7193.1,108892.3333,63.84483333,69.58333333,512.0666667,637.6666667
10/1/1992,9840.753,3.600627378,3.143709677,3.563870968,4.444677419,4.996290323,5.903225806,6.740322581,7.520967742,2411.4,7.366666667,20.479,117.8333333,7225.7,109302,64.50653333,70.09333333,523.0666667,628.3333333
1/1/1993,9857.185,3.493727689,3.025245902,3.400327869,4.133114754,4.622131148,5.466721311,6.258196721,7.06704918,2387.066667,7.133333333,19.825,118.3666667,7252.866667,109944,65.09866667,70.576,527.8333333,600.6666667
4/1/1993,9914.565,3.519012285,3.035238095,3.384126984,3.995714286,4.414603175,5.182857143,5.988095238,6.858412698,2380.433333,7.066666667,19.76,119.5,7275.333333,110537.6667,65.2308,71.11166667,547.8666667,660
7/1/1993,9961.873,3.538608028,3.0703125,3.42515625,3.97390625,4.32015625,4.95140625,5.6153125,6.31546875,2380.8,6.8,17.79633333,118.8666667,7281.633333,111236.3333,65.4605,71.50933333,556.6333333,675.3333333
10/1/1993,10097.362,3.478756558,3.132903226,3.528709677,4.085,4.408709677,4.977903226,5.615967742,6.137419355,2375.266667,6.633333333,16.45133333,118.9,7332.166667,112010.3333,66.4954,71.87733333,573.8,761.6666667
1/1/1994,10195.338,3.46262017,3.33483871,3.929677419,4.559677419,4.927258065,5.498387097,6.090322581,6.580483871,2370.1,6.566666667,14.81333333,119.3666667,7380.666667,112872.6667,67.31493333,72.20366667,588.8333333,684
4/1/1994,10333.495,3.26990293,4.111774194,5.14483871,5.826774194,6.207258065,6.671612903,7.089516129,7.362258065,2361.4,6.2,17.77666667,120.0333333,7454.966667,113915,68.555,72.68966667,598.7333333,668
7/1/1994,10393.898,3.27725268,4.6090625,5.60125,6.233125,6.55421875,6.95515625,7.32796875,7.589375,2341.633333,6,18.49666667,120.9666667,7498.466667,114917.6667,69.43046667,73.09566667,609.3,653.6666667
10/1/1994,10512.962,3.078830897,5.443934426,6.605737705,7.162622951,7.402131148,7.634590164,7.837213115,7.961147541,2327.6,5.633333333,17.65666667,121.4333333,7606.066667,115830.6667,70.8286,73.46666667,631.8,663.3333333
1/1/1995,10550.251,3.161287836,5.916451613,6.712580645,7.114516129,7.249516129,7.373548387,7.471290323,7.626612903,2314.033333,5.466666667,18.35666667,123.4333333,7671.033333,116701.6667,71.5554,73.85166667,621.2666667,600.3333333
4/1/1995,10581.723,3.345822733,5.771904762,5.954444444,6.131746032,6.228888889,6.379206349,6.60015873,6.942222222,2316.933333,5.666666667,19.34333333,124.9333333,7692.833333,117134.6667,71.79203333,74.29,626.9333333,673.3333333
7/1/1995,10671.738,3.341954967,5.532539683,5.66015873,5.861587302,5.966507937,6.092222222,6.329206349,6.717301587,2345.933333,5.666666667,17.85333333,125.2,7763.333333,117629.6667,72.47246667,74.64466667,642.5333333,714.6666667
10/1/1995,10744.203,3.423972632,5.420806452,5.445645161,5.502903226,5.579032258,5.693064516,5.898548387,6.236129032,2355.833333,5.566666667,18.15666667,125.4666667,7808.733333,118175.3333,73.07743333,75.019,652.2333333,689.6666667
1/1/1996,10824.674,3.241191499,5.072580645,5.126935484,5.27016129,5.381612903,5.572419355,5.910483871,6.300322581,2363.833333,5.533333333,19.77,126.3,7882.633333,118682.6667,73.57043333,75.31333333,659.8,734.6666667
4/1/1996,11005.217,3.050979563,5.1553125,5.656875,6.11078125,6.281875,6.485,6.7140625,6.9228125,2372.1,5.5,21.75666667,127.8333333,7954.866667,119471,75.1614,75.67166667,676.3333333,734.3333333
7/1/1996,11103.935,3.09202919,5.24171875,5.78203125,6.1759375,6.35421875,6.53890625,6.7759375,6.96515625,2380.7,5.266666667,22.42333333,128.1666667,8019.3,120208,76.1341,76.017,679.4,788.6666667
10/1/1996,11219.238,3.005859267,5.109354839,5.484677419,5.803709677,5.940645161,6.110806452,6.354193548,6.621612903,2392.1,5.333333333,24.66666667,128.4333333,8062.033333,120923,77.18323333,76.44966667,689.6,765.3333333
1/1/1997,11291.665,2.869597723,5.197833333,5.645833333,6.044666667,6.191,6.358666667,6.567,6.818,2410.133333,5.233333333,22.79,128.5,8138.766667,121676,78.64833333,76.75,705.6,820.6666667
4/1/1997,11479.33,2.883209427,5.1925,5.85203125,6.2759375,6.4240625,6.5703125,6.6996875,6.93609375,2431.7,5,19.90666667,127.2,8210.933333,122548.6667,79.75196667,77.15033333,696.6,765.6666667
7/1/1997,11622.911,2.663955071,5.18640625,5.5434375,5.90375,6.01203125,6.12890625,6.2421875,6.52765625,2457.366667,4.866666667,19.78333333,127.2,8307.566667,123263,81.59796667,77.33033333,722.7666667,820
10/1/1997,11722.722,2.611785957,5.229677419,5.480967742,5.734516129,5.78016129,5.837096774,5.906290323,6.144032258,2482.466667,4.666666667,19.91666667,127.5,8429.9,124237.6667,83.6643,77.57533333,737.2,819
1/1/1998,11839.876,2.690487206,5.188688525,5.316721311,5.449672131,5.462622951,5.510491803,5.590983607,5.885409836,2522.5,4.633333333,15.93,125.0333333,8607.366667,124997.3333,84.60686667,77.80366667,737.7,858
4/1/1998,11949.492,2.627480987,5.115396825,5.408730159,5.558095238,5.567619048,5.586349206,5.593015873,5.847777778,2561.233333,4.4,14.65333333,124.9333333,8725.733333,125787.3333,85.16453333,78.042,769.2333333,892
7/1/1998,12099.191,2.620164636,4.9603125,5.095625,5.13609375,5.11265625,5.1253125,5.20734375,5.4771875,2591.333333,4.533333333,14.13,124.3,8813.633333,126500.3333,85.80446667,78.31933333,785.0666667,862
10/1/1998,12294.737,2.50732979,4.362903226,4.386129032,4.376290323,4.407903226,4.386774194,4.661935484,5.100645161,2646.033333,4.433333333,12.84,123.4666667,8883.4,127260.3333,87.04286667,78.56833333,825.1666667,945.6666667
1/1/1999,12410.778,2.320350767,4.52557377,4.673606557,4.861639344,4.887868852,4.901967213,5.000819672,5.381803279,2683.133333,4.3,13.04666667,122.6,8980.4,128016.3333,88.0214,78.766,819.9666667,862
4/1/1999,12514.408,2.1598809,4.58375,4.87953125,5.28421875,5.35484375,5.44203125,5.54125,5.798125,2702,4.266666667,17.66,124.5,8991.066667,128831.3333,88.83986667,79.03933333,854.8,909.6666667
7/1/1999,12679.977,2.105052967,4.79515625,5.1609375,5.63234375,5.7109375,5.775,5.88296875,6.0415625,2722.066667,4.233333333,21.73666667,126.8666667,9059.8,129585,89.63663333,79.33033333,871.1666667,873
10/1/1999,12888.281,2.136043067,5.205967742,5.615806452,5.948225806,6.005806452,6.066935484,6.14483871,6.256451613,2738.933333,4.066666667,24.56333333,127.9333333,9181,130471.6667,91.22023333,79.70333333,876.3333333,869.3333333
1/1/2000,12935.252,2.414748267,5.704603175,6.188888889,6.526349206,6.555238095,6.583174603,6.468412698,6.291746032,2754.433333,4.033333333,28.80666667,129.6333333,9341.533333,131241.6667,92.13156667,80.121,920.8666667,876.3333333
4/1/2000,13170.749,2.571238767,5.896031746,6.21968254,6.572698413,6.524444444,6.424444444,6.184920635,5.97984127,2778.9,3.933333333,28.78333333,132.0333333,9452.966667,132018,93.26513333,80.40066667,901.9333333,830.3333333
7/1/2000,13183.89,2.8393939,6.202063492,6.132857143,6.216984127,6.156825397,6.058253968,5.88984127,5.793968254,2786.1,4,31.62333333,133.7666667,9575.433333,132273,93.17366667,80.788,911.6666667,882.3333333
10/1/2000,13262.25,2.9321634,6.20016129,5.907096774,5.719032258,5.636612903,5.555645161,5.570645161,5.693064516,2807.4,3.9,31.98,135.5333333,9634.933333,132538.6667,92.91813333,81.18866667,915.8333333,932
1/1/2001,13219.251,2.950053633,4.933387097,4.591612903,4.58016129,4.631129032,4.790483871,5.044193548,5.443064516,2854.2,4.233333333,28.81,137.7666667,9713.366667,132744.6667,91.71446667,81.71633333,926.8333333,946
4/1/2001,13301.394,3.1323022,3.740634921,3.774920635,4.191746032,4.427460317,4.835396825,5.276190476,5.700634921,2906,4.4,27.88333333,136.2333333,9688.433333,132390.6667,90.5459,82.025,919.4666667,892
7/1/2001,13248.142,3.293857767,3.283606557,3.340983607,3.676229508,3.969016393,4.510819672,4.995737705,5.528032787,2962.766667,4.833333333,26.6,133.3666667,9899.766667,131992,89.2626,82.237,923.8666667,866.3333333
10/1/2001,13284.881,3.560389167,1.949677419,2.245483871,2.867096774,3.322096774,4.08483871,4.762096774,5.30483871,3033.166667,5.5,20.40333333,129.4,9735.366667,131192.6667,88.27733333,82.63366667,995.9,924.6666667
1/1/2002,13394.91,3.529122167,1.754333333,2.318166667,3.2005,3.7485,4.4595,5.079166667,5.568333333,3076.133333,5.7,21.61,128.9,9963.933333,130768.3333,88.90176667,82.88766667,976.2666667,917
4/1/2002,13477.356,3.397329567,1.74625,2.34671875,3.23390625,3.7734375,4.45046875,5.10609375,5.7440625,3076.4,5.833333333,26.27,130.8333333,10044.53333,130647,90.288,83.344,977.4,957
7/1/2002,13531.741,3.156120133,1.67375,1.8140625,2.23875,2.62609375,3.359375,4.27234375,5.284375,3117.8,5.733333333,28.33,131.6666667,10059.46667,130559.3333,90.8514,83.78766667,1001.733333,1004.666667
10/1/2002,13549.421,2.861254367,1.365967742,1.533709677,1.889677419,2.266129032,3.008548387,4.00483871,5.165483871,3163.066667,5.866666667,28.18,133.0666667,10123.4,130571.6667,90.80096667,84.08566667,986.1,1026
1/1/2003,13619.434,2.706666567,1.174754098,1.300327869,1.649016393,2.07,2.911803279,3.92,5.06442623,3182.466667,5.866666667,34.12,138.0333333,10117.56667,130418.6667,91.36673333,84.34533333,974.5333333,978
4/1/2003,13741.107,2.3597466,1.058888889,1.152698413,1.421587302,1.773650794,2.57,3.620634921,4.836190476,3250.933333,6.133333333,29.03666667,137.1666667,10244.6,130189,90.6661,84.66533333,1007.833333,1094.333333
7/1/2003,13970.157,2.1956631,0.9478125,1.21921875,1.67828125,2.19625,3.138125,4.22765625,5.280625,3292.3,6.133333333,30.21333333,138.0666667,10424.1,130198,91.2834,85.05266667,1041.766667,1168.333333
10/1/2003,14131.379,2.057973133,0.93516129,1.296451613,1.856290323,2.380483871,3.244677419,4.28516129,5.253709677,3276.933333,5.833333333,31.19,139.2333333,10452.76667,130505.3333,92.1632,85.43366667,1047.066667,1122
1/1/2004,14212.34,2.048640233,0.933709677,1.221451613,1.686612903,2.163064516,2.980967742,4.01,5.028548387,3274.366667,5.7,35.25666667,142.2,10499.2,130912,92.8046,85.90366667,1064.233333,1200
4/1/2004,14323.017,2.2917045,1.096129032,1.775483871,2.454677419,2.971935484,3.720967742,4.597096774,5.41983871,3317.933333,5.6,38.33,146.2666667,10608.23333,131632.6667,93.33006667,86.39433333,1065.966667,1202.333333
7/1/2004,14457.832,2.253927533,1.51390625,2.075,2.5565625,2.91953125,3.505625,4.30140625,5.1453125,3333.966667,5.433333333,43.86,147.7,10684.33333,131959.3333,93.85183333,86.704,1085.066667,1159
10/1/2004,14605.595,2.284106133,2.047419355,2.472741935,2.822419355,3.058870968,3.493709677,4.175806452,4.933548387,3342.266667,5.433333333,48.30666667,150.5333333,10819.2,132524.6667,95.19413333,87.174,1107.033333,1242
1/1/2005,14767.846,2.2827626,2.589180328,3.072459016,3.454918033,3.623934426,3.890819672,4.303606557,4.704262295,3344.2,5.3,49.70666667,152.0666667,10688.26667,132987.3333,96.5363,87.794,1109.933333,1283.333333
4/1/2005,14839.707,2.265677567,2.92671875,3.33734375,3.6459375,3.73234375,3.87296875,4.15859375,4.47015625,3345.066667,5.1,53.04333333,154.5333333,10792.03333,133716.6667,97.05966667,88.22933333,1137.933333,1273.333333
7/1/2005,14956.291,2.299853833,3.43828125,3.79109375,3.95796875,3.98921875,4.039375,4.21515625,4.42515625,3342.233333,4.966666667,63.08,158.7,10837.1,134453.3333,96.6457,88.57333333,1151.833333,1296
10/1/2005,15041.232,2.408667233,3.913606557,4.28852459,4.364590164,4.372295082,4.391147541,4.488196721,4.654262295,3355.566667,4.966666667,60.03333333,164.3,10928.06667,134932.3333,97.50963333,89.16466667,1114.733333,1263
1/1/2006,15244.088,2.510497833,4.506612903,4.640322581,4.604677419,4.582580645,4.552419355,4.577096774,4.632741935,3381.666667,4.733333333,63.34666667,162.7666667,11147.93333,135737.6667,98.42266667,89.68133333,1154.133333,1117
4/1/2006,15281.525,2.8330273,4.83015873,5.021428571,4.997936508,4.987301587,4.993174603,5.072698413,5.143015873,3387.2,4.633333333,70.53,165.4,11190.4,136258,99.00436667,90.39566667,1149.233333,1094.333333
7/1/2006,15304.517,3.177041733,5.035079365,5.091111111,4.929047619,4.868412698,4.842222222,4.893492063,4.994285714,3404.066667,4.633333333,70.44333333,166.7,11212.73333,136685.6667,99.3807,90.88266667,1160.533333,1005.333333
10/1/2006,15433.643,3.1878481,5.031774194,4.988225806,4.737580645,4.648709677,4.601774194,4.630645161,4.741935484,3474.966667,4.433333333,60.09333333,164.1333333,11355.3,137054.6667,99.59443333,91.274,1169.4,980.6666667
1/1/2007,15478.956,3.138764533,5.114032258,5.007580645,4.760483871,4.679677419,4.643387097,4.679032258,4.796451613,3490.3,4.5,58.13,166.7,11439.43333,137609.3333,100.5651,91.904,1179.033333,850.6666667
4/1/2007,15577.779,2.7935353,4.87203125,4.93421875,4.80375,4.76359375,4.76078125,4.84609375,4.98890625,3509.533333,4.5,64.97,172.8333333,11491.33333,137968,101.8023,92.28633333,1185.7,840.6666667
7/1/2007,15671.605,2.495687867,4.434285714,4.535079365,4.390793651,4.416507937,4.512698413,4.738412698,4.948888889,3542.266667,4.666666667,75.5,173.6666667,11511.23333,138049.3333,101.9623667,92.73933333,1191.9,721
10/1/2007,15767.146,2.6241427,3.491612903,3.635,3.489677419,3.513387097,3.797580645,4.266612903,4.612258065,3536.333333,4.8,90.85,177.4333333,11529.33333,138283.3333,102.2737,93.38066667,1195.566667,662.3333333
1/1/2008,15702.906,2.684124033,2.10442623,2.11295082,2.029344262,2.170983607,2.75147541,3.665245902,4.412131148,3564.4,5,97.95333333,183.8666667,11548.76667,138334,101.9478667,93.875,1153.5,585
4/1/2008,15792.773,2.818849467,1.65015625,2.0659375,2.41640625,2.6590625,3.155,3.8815625,4.5740625,3578.633333,5.333333333,123.9633333,196,11772.3,137860,100.4341333,94.26966667,1137.733333,509
7/1/2008,15709.562,3.058479533,1.5203125,2.12640625,2.36,2.63296875,3.1128125,3.8621875,4.44921875,3567.733333,6,117.9833333,200.4666667,11537.46667,137152.3333,97.17253333,94.75066667,1095.833333,448.3333333
10/1/2008,15366.607,2.782029267,0.311774194,0.989193548,1.215483871,1.480967742,2.172741935,3.234677419,3.661774194,3768.833333,6.866666667,58.37,178.0333333,11661.96667,135552,93.00076667,94.67566667,1008,386.3333333
1/1/2009,15187.475,2.521774967,0.212295082,0.571967213,0.904262295,1.27147541,1.761311475,2.736229508,3.456721311,3915.366667,8.266666667,42.96,169.5333333,11636.7,133293,87.73146667,94.67466667,1004.466667,349
4/1/2009,15161.772,2.2516231,0.171269841,0.521111111,1.017619048,1.495396825,2.241746032,3.320793651,4.172380952,3941.233333,9.3,59.54333333,171.3333333,11699.26667,131433.3333,85.26273333,95.046,994.7,368.6666667
7/1/2009,15216.647,1.769651967,0.16,0.44796875,1.03,1.55796875,2.4675,3.5178125,4.3225,3921.566667,9.633333333,68.20333333,173.8666667,11557.36667,130465.6667,86.62123333,95.38266667,1035.1,405
10/1/2009,15379.155,1.405783367,0.060483871,0.354677419,0.877903226,1.39,2.304193548,3.464032258,4.335645161,3911.6,9.933333333,76.06666667,176.9,11579.7,129963.3333,87.9825,95.977,1014.2,374.3333333
1/1/2010,15456.059,1.05456261,0.109836066,0.364590164,0.917704918,1.468852459,2.427377049,3.717868852,4.62442623,3905.733333,9.833333333,78.62666667,182.0666667,11667.43333,129789,89.6896,96.305,1021.1,354
4/1/2010,15605.628,0.820244103,0.14828125,0.37828125,0.873125,1.3790625,2.25484375,3.4925,4.3715625,3947.6,9.633333333,77.89,184.2333333,11860.9,130423.6667,91.46686667,96.565,1043.933333,335.6666667
7/1/2010,15726.282,0.704278477,0.15484375,0.26890625,0.53875,0.83390625,1.545,2.78453125,3.85609375,3974.9,9.466666667,76.16666667,184.6333333,11936.63333,130402,92.6779,96.71333333,1052.433333,294
10/1/2010,15807.995,0.779456523,0.139516129,0.259193548,0.487096774,0.753225806,1.503387097,2.878387097,4.167096774,3993.533333,9.5,85.02666667,188,11980.33333,130732.3333,93.03806667,97.01866667,1078.466667,301.3333333
1/1/2011,15769.911,1.09000671,0.126774194,0.272096774,0.693709677,1.160322581,2.119354839,3.457419355,4.559193548,4001.2,9.033333333,93.98,195.9,12094.9,131060.6667,93.52096667,97.44533333,1087.933333,292.3333333
4/1/2011,15876.839,1.258666033,0.045238095,0.204126984,0.561587302,0.944285714,1.854444444,3.201428571,4.338253968,4042,9.066666667,102.5533333,203.7,12064.13333,131748,93.87816667,98.015,1082.9,305.3333333
7/1/2011,15870.684,1.602472367,0.025,0.1334375,0.27921875,0.46625,1.1440625,2.41421875,3.6909375,4181.133333,9,89.71,203.8333333,12117.73333,132160.6667,94.9447,98.462,1090.733333,299.6666667
10/1/2011,16048.702,1.909977133,0.014754098,0.113934426,0.263606557,0.416721311,0.952622951,2.046721311,3.040983607,4233.3,8.633333333,94.06333333,200.7666667,12152.3,132717.3333,95.8752,98.813,1112.4,328.3333333
1/1/2012,16179.968,2.086292467,0.070645161,0.156451613,0.289516129,0.419677419,0.898387097,2.04,3.143387097,4284.766667,8.266666667,102.8933333,202.1666667,12375.66667,133504.6667,96.79986667,99.43633333,1138.1,351.6666667
4/1/2012,16253.726,2.208074633,0.08828125,0.188125,0.28953125,0.4028125,0.78890625,1.82578125,2.93765625,4343.166667,8.2,93.48,201.8,12486.43333,133925,97.41283333,99.84766667,1133.566667,361.3333333
7/1/2012,16282.151,2.217818267,0.101587302,0.181904762,0.257777778,0.346666667,0.668888889,1.641269841,2.743968254,4405,8.033333333,92.27,202.4,12404.73333,134336,97.39743333,100.1363333,1141.666667,376.3333333
10/1/2012,16300.035,2.1709293,0.089672131,0.172295082,0.267540984,0.359508197,0.690163934,1.70704918,2.863114754,4475.5,7.8,88.16,202.2666667,12750.9,134860.6667,97.9101,100.579,1163.566667,383
1/1/2013,16441.485,2.104738867,0.086333333,0.149833333,0.262833333,0.3915,0.822666667,1.951,3.134666667,4521.7,7.733333333,94.35333333,203.6,12248.63333,135494.6667,98.62396667,100.9826667,1188.766667,445.6666667
4/1/2013,16464.402,1.906615933,0.0515625,0.12796875,0.27015625,0.4334375,0.909375,1.98625,3.140625,4582.266667,7.533333333,94.22333333,203.9666667,12339.76667,136079.3333,99.0906,101.291,1185.433333,446.3333333
7/1/2013,16594.743,1.8908401,0.0321875,0.1225,0.3659375,0.7071875,1.50375,2.7065625,3.714375,4623.833333,7.233333333,105.8233333,204.1666667,12387.23333,136609.6667,99.49226667,101.6836667,1188.933333,386.3333333
10/1/2013,16712.76,1.877670867,0.06016129,0.125322581,0.327258065,0.632580645,1.439032258,2.744193548,3.786129032,4691.1,6.933333333,97.34333333,201.9,12424.66667,137239,100.1529333,102.1806667,1194.5,441
1/1/2014,16654.247,1.810619167,0.049344262,0.120491803,0.374754098,0.763934426,1.603442623,2.765409836,3.684918033,4730.766667,6.666666667,98.74666667,205.5,12580.46667,137743.3333,100.8693333,102.533,1203.5,422.6666667
4/1/2014,16868.109,2.0989122,0.033015873,0.103015873,0.41952381,0.871904762,1.657619048,2.620952381,3.442539683,4779.466667,6.2,103.3466667,208.2,12747.06667,138547,102.2128,103.04,1239.433333,424
7/1/2014,17064.616,2.005786867,0.02640625,0.109375,0.515,0.98390625,1.7015625,2.49953125,3.2653125,4830.2,6.066666667,97.78,207.1333333,12890.06667,139297.3333,102.8276,103.4376667,1255.6,442.6666667
10/1/2014,17141.235,1.993836767,0.022580645,0.152258065,0.536612903,0.967580645,1.600967742,2.275967742,2.966129032,4903.833333,5.7,73.16,200.4333333,13069.53333,140101.3333,103.4239667,103.7353333,1269.733333,471.6666667
1/1/2015,17280.647,1.988929,0.024590164,0.225409836,0.604590164,0.969672131,1.457213115,1.968852459,2.55147541,5026.2,5.533333333,48.54,191.5333333,13243.4,140772.3333,102.3238667,103.9386667,1283.8,511.6666667
4/1/2015,17380.875,2.081581033,0.01828125,0.2503125,0.61265625,0.96890625,1.52515625,2.164375,2.88203125,5049.133333,5.433333333,57.84666667,193.0333333,13280.06667,141472.6667,100.8776667,104.384,1309.633333,494.6666667
7/1/2015,17437.08,2.200372833,0.04265625,0.3478125,0.6925,1.02328125,1.55578125,2.223125,2.96,5091.666667,5.1,46.41666667,191.6333333,13357,142136,100.8875333,104.6986667,1318.533333,493.3333333
10/1/2015,17462.579,2.3983863,0.125483871,0.467258065,0.838225806,1.137258065,1.584193548,2.190483871,2.960645161,5161.366667,5.033333333,41.95,185.5666667,13439.83333,142836,99.4672,104.926,1318.5,510.6666667
1/1/2016,17565.465,2.5142698,0.290491803,0.580983607,0.836229508,1.023442623,1.369836066,1.914262295,2.71852459,5276.533333,4.9,33.18333333,182,13541.63333,143425.3333,98.8778,105.3646667,1328.733333,518
4/1/2016,17618.581,2.5593518,0.259375,0.56625,0.77125,0.91609375,1.24046875,1.75015625,2.5659375,5327.933333,4.933333333,45.40666667,185.3666667,13519.53333,143964.3333,98.4921,105.937,1335.9,568
7/1/2016,17724.489,2.643586933,0.29828125,0.559375,0.728125,0.8496875,1.12859375,1.564375,2.28,5390.233333,4.9,44.85,187.0666667,13584.76667,144712.6667,98.74336667,106.4306667,1354.7,587
10/1/2016,17812.56,2.543421233,0.433278689,0.755737705,1.009508197,1.238688525,1.614754098,2.138688525,2.83,5436.566667,4.766666667,49.13666667,187.0666667,13656.93333,145229,98.5983,106.8183333,1361.433333,569
1/1/2017,17896.623,2.596455333,0.606129032,0.892580645,1.244354839,1.516451613,1.947903226,2.446612903,3.046129032,5475.6,4.566666667,51.76666667,191.2666667,13795.23333,145802,98.73956667,107.2893333,1370.666667,607.3333333
4/1/2017,17996.802,2.182203667,0.908095238,1.125714286,1.297619048,1.472063492,1.811111111,2.260952381,2.896984127,5540.533333,4.366666667,48.24,193.1333333,13931.9,146379.3333,100.1625,107.7206667,1377,614.3333333
7/1/2017,18126.226,2.114432667,1.053968254,1.243492063,1.362698413,1.51015873,1.813492063,2.241428571,2.817460317,5574.766667,4.333333333,48.16333333,194.0333333,14015.53333,146897.6667,99.88773333,108.0896667,1397.733333,575
10/1/2017,18296.685,2.144440667,1.226612903,1.550322581,1.694354839,1.812903226,2.069193548,2.371451613,2.816774194,5586.233333,4.166666667,55.36666667,195.7,14084.2,147345,101.2102,108.6386667,1441.133333,667
1/1/2018,18436.262,2.218791333,1.582131148,1.942459016,2.160491803,2.306721311,2.534918033,2.75852459,3.030163934,5582.5,4.033333333,62.88666667,198.8333333,14253.26667,148005,101.7678667,109.2916667,1449.366667,644.6666667
4/1/2018,18590.004,2.531922333,1.8746875,2.2521875,2.47703125,2.6090625,2.765625,2.920625,3.0853125,5602.233333,3.933333333,68.03333333,202.5666667,14372.96667,148751,103.0849333,109.9423333,1471.233333,645.3333333
7/1/2018,18679.599,2.479114333,2.074603175,2.46015873,2.665873016,2.743492063,2.809047619,2.923809524,3.063015873,5631.966667,3.766666667,69.75666667,203.7666667,14491.8,149215,103.9482667,110.32,1478.233333,588.6666667
10/1/2018,18721.281,2.447143,2.356721311,2.668196721,2.802786885,2.844262295,2.883606557,3.041147541,3.270655738,5649.733333,3.833333333,59.07666667,202.6333333,14599.13333,149621.6667,103.9223667,110.8283333,1477.8,576.6666667
1/1/2019,18833.195,2.382080333,2.43852459,2.539672131,2.485081967,2.455409836,2.464918033,2.65295082,3.011803279,5713.233333,3.866666667,54.82666667,199.7,14729.63333,150190.6667,102.9646,111.1366667,1473.3,674.6666667
4/1/2019,18982.528,2.414102,2.354761905,2.258888889,2.127936508,2.088253968,2.121111111,2.338888889,2.781428571,5735.866667,3.6,59.78333333,201.3666667,14679.3,150730.6667,102.3634,111.7826667,1509.266667,673
7/1/2019,19112.653,2.572628667,2.02609375,1.845,1.6859375,1.63265625,1.62859375,1.79796875,2.2871875,5822.766667,3.633333333,56.37,199.4333333,14763.13333,151082,102.3531,112.2686667,1531.433333,673
10/1/2019,19202.31,2.739722,1.607580645,1.575806452,1.591129032,1.589677419,1.613387097,1.791935484,2.254354839,5911,3.6,56.95666667,198.8666667,14850.46667,151571.6667,101.69,112.6466667,1539.2,712
1/1/2020,18951.992,2.747440667,1.104032258,1.067741935,1.081451613,1.093387097,1.14483871,1.365,1.870806452,6038.533333,3.8,45.75666667,196.3666667,14963.1,151879.3333,99.95473333,113.135,1484.9,703
4/1/2020,17258.205,2.127897,0.142222222,0.174285714,0.193650794,0.240793651,0.357460317,0.687619048,1.380793651,6885.3,12.96666667,27.80666667,188.4333333,16520.33333,133776,87.06913333,112.919,1468.266667,708.3333333
7/1/2020,18560.774,2.245360667,0.1134375,0.1346875,0.1409375,0.16453125,0.27171875,0.650625,1.36296875,7093.533333,8.833333333,40.89333333,194.2666667,15783.06667,140464.3333,95.461,113.904,1753.3,973.3333333
10/1/2020,18767.778,1.776489333,0.092903226,0.114516129,0.149677419,0.196451613,0.369516129,0.864516129,1.619032258,7261.3,6.766666667,42.45333333,198.4333333,15442.9,142462.6667,97.3639,114.255,1759.2,925.6666667
1/1/2021,19055.655,1.573329667,0.051147541,0.082459016,0.132131148,0.247868852,0.618032787,1.335901639,2.086557377,7442.766667,6.2,57.79,210.1333333,17218.76667,143725,98.322,115.0093333,1957.833333,896.3333333
4/1/2021,19368.31,2.504185,0.02515625,0.0596875,0.17421875,0.3540625,0.840625,1.59078125,2.25796875,7564,5.9,66.09,223.9,15806.56667,145177.6667,99.8782,116.731,2092.166667,737.3333333
7/1/2021,19478.893,2.442801667,0.0496875,0.07546875,0.22578125,0.43125,0.7996875,1.32484375,1.93140625,7622.166667,5.1,70.62333333,233.6476667,15640.5,146873,100.7069667,118.0446667,1995.133333,699
10/1/2021,19806.29,3.23834,0.054193548,0.200322581,0.531774194,0.818548387,1.180967742,1.533387097,1.944354839,7658.666667,4.233333333,77.44666667,241.693,15417.7,148632.3333,101.6436667,119.4966667,2059.733333,763.6666667
1/1/2022,19735.895,4.27755332,0.309354839,0.980322581,1.464516129,1.682580645,1.833870968,1.951129032,2.258387097,7638.866667,3.8,94.45333333,252.808,15339.43333,150387.6667,103.6352333,121.008,2113.833333,814.3333333
