DATE,QUARTER,GDPC1,CoreCPI,TB3M,TB1Y,TB2Y,TB3Y,TB5Y,TB10Y,TB30Y,M2Real,UNRATE,WTIOIL,PPIACO,DSPI,PAYEMS,INDPRO,PCEPILFE,PCEPDG,HouseSales
10/1/1981,4,6906.529,10.57931451,12.34616667,13.59114754,13.9452459,14.13196721,14.15590164,14.11672131,13.84786885,1853.333333,8.233333333,35.33333333,98.83333333,5093.633333,91148.66667,50.60983333,45.62566667,236.8666667,398.3333333
1/1/1982,1,6799.233,9.329178417,13.46934426,14.30163934,14.50245902,14.47344262,14.36262295,14.26803279,13.96213115,1878.566667,8.833333333,31.29666667,99.7,5105.9,90520.66667,49.58476667,46.294,246.4333333,369
4/1/1982,2,6830.251,9.035612613,13.0515873,13.80746032,14.15920635,14.1552381,14.07206349,13.94206349,13.52190476,1891.433333,9.433333333,34.81666667,99.8,5136.766667,90040.66667,48.95926667,46.92033333,249.2333333,364.3333333
7/1/1982,3,6804.139,7.089145699,9.67375,11.833125,12.62984375,12.88140625,13.1028125,13.1125,12.794375,1889.733333,9.9,34.58,100.2333333,5161.366667,89355.66667,48.25443333,47.67233333,252.1333333,421
10/1/1982,4,6806.857,5.28257122,8.170327869,9.12,9.876065574,10.15557377,10.46114754,10.66344262,10.74622951,1926.266667,10.66666667,33.85,100.3333333,5177.533333,88821.33333,47.35523333,48.336,264.3333333,518.3333333
1/1/1983,1,6896.561,4.726415722,8.398730159,8.866507937,9.540634921,9.794920635,10.11666667,10.55587302,10.7068254,2031.066667,10.36666667,29.65333333,100.3666667,5226.433333,88999,47.8902,48.97133333,268.9,580
4/1/1983,2,7053.5,3.616765647,8.726190476,9.190952381,9.756031746,9.923015873,10.23761905,10.55,10.6531746,2059.566667,10.13333333,30.53666667,100.7333333,5262.7,89676.33333,48.95713333,49.346,289.5666667,651
7/1/1983,3,7194.504,2.709386915,9.5246875,10.3028125,10.85796875,11.10171875,11.43140625,11.63640625,11.62453125,2071.9,9.366666667,31.56,101.7,5341.566667,90604.33333,50.63166667,50.095,302.4,595.3333333
10/1/1983,4,7344.597,3.770195337,9.156333333,9.953333333,10.6935,10.9885,11.41283333,11.68916667,11.737,2088.666667,8.533333333,29.83,102.2,5460.533333,91875,51.94873333,50.496,319.3,683
1/1/1984,1,7488.167,4.554828276,9.545806452,10.18887097,10.92467742,11.19967742,11.65225806,11.95451613,12.03629032,2103.866667,7.866666667,30.19866667,103.3333333,5569.466667,93086.33333,53.48083333,51.00666667,331.4333333,676
4/1/1984,2,7617.547,4.713959521,10.18793651,11.56047619,12.36666667,12.65031746,13.01968254,13.21396825,13.18396825,2129.133333,7.433333333,30.36833333,104.0333333,5662.166667,94123,54.29373333,51.603,341.2666667,628
7/1/1984,3,7690.985,5.023548156,10.74571429,11.81698413,12.51285714,12.6431746,12.83539683,12.8731746,12.68904762,2138.633333,7.433333333,29.10433333,103.8,5736.866667,95055,54.65826667,52.08766667,342.0666667,616
10/1/1984,4,7754.117,5.041927942,9.164918033,10.04704918,10.83868852,11.13098361,11.50672131,11.76065574,11.69885246,2167.366667,7.3,27.43066667,103.5333333,5783.733333,95906,54.6894,52.45833333,353.8333333,627
1/1/1985,1,7829.26,4.853494656,8.464666667,9.398333333,10.275,10.683,11.19783333,11.5865,11.584,2212.233333,7.233333333,27.05,103.2666667,5768.766667,96572.33333,54.87146667,53.174,368,666
4/1/1985,2,7898.194,4.949265851,7.72047619,8.48047619,9.401587302,9.773650794,10.32555556,10.82349206,10.99587302,2231.1,7.3,27.857,103.3666667,5881.033333,97269.66667,54.9214,53.63533333,373.2333333,673.3333333
7/1/1985,3,8018.809,4.893644946,7.34031746,7.986031746,8.896031746,9.281587302,9.771428571,10.33555556,10.55301587,2264.4,7.2,27.791,102.6666667,5862.666667,97844.33333,54.83786667,54.18633333,396.4333333,723.3333333
10/1/1985,4,8078.415,5.024225993,7.4,7.856451613,8.534516129,8.845967742,9.236774194,9.766129032,10.03983871,2274.6,7.033333333,29.193,103.3,5924.633333,98428.33333,55.15856667,54.57466667,383.7333333,703
1/1/1986,1,8153.829,5.217254323,7.119,7.458833333,7.777666667,7.941833333,8.1655,8.567,8.769333333,2296.4,7.033333333,17.00166667,101.7333333,6002.533333,98837.66667,55.49086667,55.16466667,391.6333333,780.3333333
4/1/1986,2,8190.552,5.151226607,6.3209375,6.6046875,6.9778125,7.174375,7.39984375,7.59796875,7.490625,2368.566667,7.166666667,13.92,99.83333333,6079.3,99174.66667,55.1535,55.54233333,407.3,791.3333333
7/1/1986,3,8268.935,4.925508482,5.6840625,5.99515625,6.4496875,6.66265625,6.93015625,7.30546875,7.40421875,2412.9,6.966666667,13.86,99.36666667,6118.133333,99665,55.36763333,55.924,445.7,694
10/1/1986,4,8313.338,4.711365407,5.502096774,5.797903226,6.275806452,6.487580645,6.751935484,7.264032258,7.528064516,2449.2,6.833333333,15.37833333,99.73333333,6127.4,100312.6667,55.99543333,56.378,441.1333333,720
1/1/1987,1,8375.274,4.395507335,5.699672131,5.926557377,6.351147541,6.519180328,6.740983607,7.195409836,7.493606557,2458.3,6.6,18.229,100.9,6183.866667,100920.3333,56.7359,56.73233333,418.5,718
4/1/1987,2,8465.63,4.316796435,5.839047619,6.764444444,7.45,7.717777778,7.946190476,8.342698413,8.530634921,2451.433333,6.266666667,19.364,102.5,6125.7,101709,57.7458,57.28233333,439.1,674.3333333
7/1/1987,3,8539.075,4.246141388,6.23890625,7.11859375,7.84,8.13828125,8.418125,8.8696875,9.05921875,2440.7,6,20.385,103.6666667,6235.533333,102438,58.83616667,57.79466667,460.5333333,660.3333333
10/1/1987,4,8685.694,4.320104959,6.070806452,7.251612903,7.99,8.296612903,8.632419355,9.129032258,9.235967742,2445.133333,5.833333333,18.66966667,104.1666667,6319.6,103390.3333,60.24533333,58.38233333,449.9666667,623.3333333
1/1/1988,1,8730.569,4.407377685,5.902419355,6.771612903,7.351612903,7.572903226,7.90016129,8.410967742,8.626612903,2468.733333,5.7,16.714,104.7666667,6412.333333,104152,60.80926667,58.94566667,470.4666667,639
4/1/1988,2,8845.28,4.506374726,6.40968254,7.305873016,7.877301587,8.101428571,8.425714286,8.912857143,9.061428571,2487.966667,5.466666667,17.281,106.5,6478.366667,105006.6667,61.33656667,59.66033333,473.2666667,700
7/1/1988,3,8897.107,4.709611446,7.24828125,8.015,8.46515625,8.6021875,8.76859375,9.10359375,9.17546875,2480.733333,5.466666667,15.163,108,6540.933333,105745.6667,61.5643,60.34733333,470.4,690
10/1/1988,4,9015.661,4.722293639,7.997213115,8.533442623,8.709180328,8.762295082,8.802131148,8.95704918,8.974098361,2475.366667,5.333333333,14.68033333,108.5,6602.7,106597,61.997,61.02166667,486.2,668
1/1/1989,1,9107.314,4.769854293,8.855737705,9.300163934,9.418360656,9.382131148,9.318360656,9.211639344,9.038852459,2461.266667,5.2,18.418,110.9333333,6677.766667,107403,62.2879,61.68766667,486.4666667,636
4/1/1989,2,9176.827,4.710770986,8.703125,8.9134375,8.943125,8.9,8.8178125,8.75796875,8.69796875,2438.8,5.233333333,20.359,112.8,6658.166667,107910.3333,62.0624,62.24866667,493.3333333,635.3333333
7/1/1989,3,9244.816,4.81840383,8.113333333,8.103809524,8.085873016,8.076825397,8.033015873,8.107460317,8.118730159,2466.366667,5.233333333,19.25333333,112.4,6702.4,108186,61.67073333,62.712,505.6333333,689
10/1/1989,4,9263.033,4.823784612,7.908064516,7.829516129,7.851774194,7.864677419,7.842741935,7.907096774,7.933225806,2489.333333,5.366666667,20.333,112.8333333,6759.166667,108688,61.91413333,63.286,491.8666667,653
1/1/1990,1,9364.259,5.021605402,8.026451613,8.131451613,8.36483871,8.385967742,8.383709677,8.423870968,8.441774194,2482.733333,5.3,21.72233333,114.5,6811,109426,62.37686667,64.015,515.3666667,595
4/1/1990,2,9398.243,5.288781503,8.010793651,8.270952381,8.571111111,8.622857143,8.644285714,8.674126984,8.647936508,2479,5.333333333,17.89666667,114.3333333,6858.433333,109793.6667,62.82936667,64.73,498.4333333,540.3333333
7/1/1990,3,9404.494,5.779878597,7.725396825,7.828253968,8.098730159,8.248730159,8.424603175,8.701269841,8.791587302,2463.566667,5.7,26.49966667,116.4666667,6856.133333,109652.6667,63.09683333,65.38433333,493.5666667,522
10/1/1990,4,9318.876,5.731139863,7.219354839,7.313064516,7.606129032,7.767258065,8.035322581,8.405967742,8.55516129,2440.5,6.133333333,31.853,119.8666667,6797.533333,109249,62.13183333,65.93333333,480.9333333,474
1/1/1991,1,9275.276,5.739632447,6.211666667,6.442,7.036,7.2745,7.652,8.022833333,8.201166667,2452.166667,6.6,21.78066667,117.4666667,6814.533333,108787.6667,60.95773333,66.51833333,471.7,463.3333333
4/1/1991,2,9347.597,5.170278971,5.73625,6.23796875,6.8940625,7.2421875,7.77484375,8.12546875,8.31140625,2465.5,6.833333333,20.75266667,116.3,6864.366667,108315.6667,61.31906667,67.031,475.2333333,513.6666667
7/1/1991,3,9394.834,4.538412791,5.5459375,5.89515625,6.52109375,6.90328125,7.501875,7.95,8.18859375,2456.333333,6.866666667,21.655,116.1333333,6892.366667,108312.6667,62.18876667,67.63466667,484.3666667,508
10/1/1991,4,9427.581,4.349064286,4.679677419,4.873870968,5.503709677,5.846129032,6.561612903,7.345,7.850322581,2443.833333,7.1,21.73666667,116.2333333,6949.666667,108327,62.30936667,68.16666667,477.4333333,552.3333333
1/1/1992,1,9540.444,3.979536828,4.002096774,4.364354839,5.293870968,5.774516129,6.59483871,7.306935484,7.803064516,2448.333333,7.366666667,18.91033333,115.9,7089.533333,108348.3333,62.2378,68.68833333,496.2,622.6666667
4/1/1992,2,9643.893,3.963748338,3.768095238,4.217777778,5.203174603,5.775238095,6.64984127,7.376031746,7.897619048,2431.233333,7.6,21.186,117.1666667,7159.866667,108627.6667,63.3449,69.17366667,500.9666667,565.3333333
7/1/1992,3,9739.185,3.597753354,3.15109375,3.42015625,4.15078125,4.685625,5.60796875,6.61875,7.445625,2415.466667,7.633333333,21.67033333,117.8666667,7193.1,108892.3333,63.84483333,69.58333333,512.0666667,637.6666667
10/1/1992,4,9840.753,3.600627378,3.143709677,3.563870968,4.444677419,4.996290323,5.903225806,6.740322581,7.520967742,2411.4,7.366666667,20.479,117.8333333,7225.7,109302,64.50653333,70.09333333,523.0666667,628.3333333
1/1/1993,1,9857.185,3.493727689,3.025245902,3.400327869,4.133114754,4.622131148,5.466721311,6.258196721,7.06704918,2387.066667,7.133333333,19.825,118.3666667,7252.866667,109944,65.09866667,70.576,527.8333333,600.6666667
4/1/1993,2,9914.565,3.519012285,3.035238095,3.384126984,3.995714286,4.414603175,5.182857143,5.988095238,6.858412698,2380.433333,7.066666667,19.76,119.5,7275.333333,110537.6667,65.2308,71.11166667,547.8666667,660
7/1/1993,3,9961.873,3.538608028,3.0703125,3.42515625,3.97390625,4.32015625,4.95140625,5.6153125,6.31546875,2380.8,6.8,17.79633333,118.8666667,7281.633333,111236.3333,65.4605,71.50933333,556.6333333,675.3333333
10/1/1993,4,10097.362,3.478756558,3.132903226,3.528709677,4.085,4.408709677,4.977903226,5.615967742,6.137419355,2375.266667,6.633333333,16.45133333,118.9,7332.166667,112010.3333,66.4954,71.87733333,573.8,761.6666667
1/1/1994,1,10195.338,3.46262017,3.33483871,3.929677419,4.559677419,4.927258065,5.498387097,6.090322581,6.580483871,2370.1,6.566666667,14.81333333,119.3666667,7380.666667,112872.6667,67.31493333,72.20366667,588.8333333,684
4/1/1994,2,10333.495,3.26990293,4.111774194,5.14483871,5.826774194,6.207258065,6.671612903,7.089516129,7.362258065,2361.4,6.2,17.77666667,120.0333333,7454.966667,113915,68.555,72.68966667,598.7333333,668
7/1/1994,3,10393.898,3.27725268,4.6090625,5.60125,6.233125,6.55421875,6.95515625,7.32796875,7.589375,2341.633333,6,18.49666667,120.9666667,7498.466667,114917.6667,69.43046667,73.09566667,609.3,653.6666667
10/1/1994,4,10512.962,3.078830897,5.443934426,6.605737705,7.162622951,7.402131148,7.634590164,7.837213115,7.961147541,2327.6,5.633333333,17.65666667,121.4333333,7606.066667,115830.6667,70.8286,73.46666667,631.8,663.3333333
1/1/1995,3,10550.251,3.161287836,5.916451613,6.712580645,7.114516129,7.249516129,7.373548387,7.471290323,7.626612903,2314.033333,5.466666667,18.35666667,123.4333333,7671.033333,116701.6667,71.5554,73.85166667,621.2666667,600.3333333
4/1/1995,4,10581.723,3.345822733,5.771904762,5.954444444,6.131746032,6.228888889,6.379206349,6.60015873,6.942222222,2316.933333,5.666666667,19.34333333,124.9333333,7692.833333,117134.6667,71.79203333,74.29,626.9333333,673.3333333
7/1/1995,1,10671.738,3.341954967,5.532539683,5.66015873,5.861587302,5.966507937,6.092222222,6.329206349,6.717301587,2345.933333,5.666666667,17.85333333,125.2,7763.333333,117629.6667,72.47246667,74.64466667,642.5333333,714.6666667
10/1/1995,2,10744.203,3.423972632,5.420806452,5.445645161,5.502903226,5.579032258,5.693064516,5.898548387,6.236129032,2355.833333,5.566666667,18.15666667,125.4666667,7808.733333,118175.3333,73.07743333,75.019,652.2333333,689.6666667
1/1/1996,3,10824.674,3.241191499,5.072580645,5.126935484,5.27016129,5.381612903,5.572419355,5.910483871,6.300322581,2363.833333,5.533333333,19.77,126.3,7882.633333,118682.6667,73.57043333,75.31333333,659.8,734.6666667
4/1/1996,4,11005.217,3.050979563,5.1553125,5.656875,6.11078125,6.281875,6.485,6.7140625,6.9228125,2372.1,5.5,21.75666667,127.8333333,7954.866667,119471,75.1614,75.67166667,676.3333333,734.3333333
7/1/1996,1,11103.935,3.09202919,5.24171875,5.78203125,6.1759375,6.35421875,6.53890625,6.7759375,6.96515625,2380.7,5.266666667,22.42333333,128.1666667,8019.3,120208,76.1341,76.017,679.4,788.6666667
10/1/1996,2,11219.238,3.005859267,5.109354839,5.484677419,5.803709677,5.940645161,6.110806452,6.354193548,6.621612903,2392.1,5.333333333,24.66666667,128.4333333,8062.033333,120923,77.18323333,76.44966667,689.6,765.3333333
1/1/1997,3,11291.665,2.869597723,5.197833333,5.645833333,6.044666667,6.191,6.358666667,6.567,6.818,2410.133333,5.233333333,22.79,128.5,8138.766667,121676,78.64833333,76.75,705.6,820.6666667
4/1/1997,4,11479.33,2.883209427,5.1925,5.85203125,6.2759375,6.4240625,6.5703125,6.6996875,6.93609375,2431.7,5,19.90666667,127.2,8210.933333,122548.6667,79.75196667,77.15033333,696.6,765.6666667
7/1/1997,1,11622.911,2.663955071,5.18640625,5.5434375,5.90375,6.01203125,6.12890625,6.2421875,6.52765625,2457.366667,4.866666667,19.78333333,127.2,8307.566667,123263,81.59796667,77.33033333,722.7666667,820
10/1/1997,2,11722.722,2.611785957,5.229677419,5.480967742,5.734516129,5.78016129,5.837096774,5.906290323,6.144032258,2482.466667,4.666666667,19.91666667,127.5,8429.9,124237.6667,83.6643,77.57533333,737.2,819
1/1/1998,3,11839.876,2.690487206,5.188688525,5.316721311,5.449672131,5.462622951,5.510491803,5.590983607,5.885409836,2522.5,4.633333333,15.93,125.0333333,8607.366667,124997.3333,84.60686667,77.80366667,737.7,858
4/1/1998,4,11949.492,2.627480987,5.115396825,5.408730159,5.558095238,5.567619048,5.586349206,5.593015873,5.847777778,2561.233333,4.4,14.65333333,124.9333333,8725.733333,125787.3333,85.16453333,78.042,769.2333333,892
7/1/1998,1,12099.191,2.620164636,4.9603125,5.095625,5.13609375,5.11265625,5.1253125,5.20734375,5.4771875,2591.333333,4.533333333,14.13,124.3,8813.633333,126500.3333,85.80446667,78.31933333,785.0666667,862
10/1/1998,2,12294.737,2.50732979,4.362903226,4.386129032,4.376290323,4.407903226,4.386774194,4.661935484,5.100645161,2646.033333,4.433333333,12.84,123.4666667,8883.4,127260.3333,87.04286667,78.56833333,825.1666667,945.6666667
1/1/1999,3,12410.778,2.320350767,4.52557377,4.673606557,4.861639344,4.887868852,4.901967213,5.000819672,5.381803279,2683.133333,4.3,13.04666667,122.6,8980.4,128016.3333,88.0214,78.766,819.9666667,862
4/1/1999,4,12514.408,2.1598809,4.58375,4.87953125,5.28421875,5.35484375,5.44203125,5.54125,5.798125,2702,4.266666667,17.66,124.5,8991.066667,128831.3333,88.83986667,79.03933333,854.8,909.6666667
7/1/1999,3,12679.977,2.105052967,4.79515625,5.1609375,5.63234375,5.7109375,5.775,5.88296875,6.0415625,2722.066667,4.233333333,21.73666667,126.8666667,9059.8,129585,89.63663333,79.33033333,871.1666667,873
10/1/1999,4,12888.281,2.136043067,5.205967742,5.615806452,5.948225806,6.005806452,6.066935484,6.14483871,6.256451613,2738.933333,4.066666667,24.56333333,127.9333333,9181,130471.6667,91.22023333,79.70333333,876.3333333,869.3333333
1/1/2000,1,12935.252,2.414748267,5.704603175,6.188888889,6.526349206,6.555238095,6.583174603,6.468412698,6.291746032,2754.433333,4.033333333,28.80666667,129.6333333,9341.533333,131241.6667,92.13156667,80.121,920.8666667,876.3333333
4/1/2000,2,13170.749,2.571238767,5.896031746,6.21968254,6.572698413,6.524444444,6.424444444,6.184920635,5.97984127,2778.9,3.933333333,28.78333333,132.0333333,9452.966667,132018,93.26513333,80.40066667,901.9333333,830.3333333
7/1/2000,3,13183.89,2.8393939,6.202063492,6.132857143,6.216984127,6.156825397,6.058253968,5.88984127,5.793968254,2786.1,4,31.62333333,133.7666667,9575.433333,132273,93.17366667,80.788,911.6666667,882.3333333
10/1/2000,4,13262.25,2.9321634,6.20016129,5.907096774,5.719032258,5.636612903,5.555645161,5.570645161,5.693064516,2807.4,3.9,31.98,135.5333333,9634.933333,132538.6667,92.91813333,81.18866667,915.8333333,932
1/1/2001,1,13219.251,2.950053633,4.933387097,4.591612903,4.58016129,4.631129032,4.790483871,5.044193548,5.443064516,2854.2,4.233333333,28.81,137.7666667,9713.366667,132744.6667,91.71446667,81.71633333,926.8333333,946
4/1/2001,2,13301.394,3.1323022,3.740634921,3.774920635,4.191746032,4.427460317,4.835396825,5.276190476,5.700634921,2906,4.4,27.88333333,136.2333333,9688.433333,132390.6667,90.5459,82.025,919.4666667,892
7/1/2001,3,13248.142,3.293857767,3.283606557,3.340983607,3.676229508,3.969016393,4.510819672,4.995737705,5.528032787,2962.766667,4.833333333,26.6,133.3666667,9899.766667,131992,89.2626,82.237,923.8666667,866.3333333
10/1/2001,4,13284.881,3.560389167,1.949677419,2.245483871,2.867096774,3.322096774,4.08483871,4.762096774,5.30483871,3033.166667,5.5,20.40333333,129.4,9735.366667,131192.6667,88.27733333,82.63366667,995.9,924.6666667
1/1/2002,1,13394.91,3.529122167,1.754333333,2.318166667,3.2005,3.7485,4.4595,5.079166667,5.568333333,3076.133333,5.7,21.61,128.9,9963.933333,130768.3333,88.90176667,82.88766667,976.2666667,917
4/1/2002,2,13477.356,3.397329567,1.74625,2.34671875,3.23390625,3.7734375,4.45046875,5.10609375,5.7440625,3076.4,5.833333333,26.27,130.8333333,10044.53333,130647,90.288,83.344,977.4,957
7/1/2002,3,13531.741,3.156120133,1.67375,1.8140625,2.23875,2.62609375,3.359375,4.27234375,5.284375,3117.8,5.733333333,28.33,131.6666667,10059.46667,130559.3333,90.8514,83.78766667,1001.733333,1004.666667
10/1/2002,4,13549.421,2.861254367,1.365967742,1.533709677,1.889677419,2.266129032,3.008548387,4.00483871,5.165483871,3163.066667,5.866666667,28.18,133.0666667,10123.4,130571.6667,90.80096667,84.08566667,986.1,1026
1/1/2003,1,13619.434,2.706666567,1.174754098,1.300327869,1.649016393,2.07,2.911803279,3.92,5.06442623,3182.466667,5.866666667,34.12,138.0333333,10117.56667,130418.6667,91.36673333,84.34533333,974.5333333,978
4/1/2003,2,13741.107,2.3597466,1.058888889,1.152698413,1.421587302,1.773650794,2.57,3.620634921,4.836190476,3250.933333,6.133333333,29.03666667,137.1666667,10244.6,130189,90.6661,84.66533333,1007.833333,1094.333333
7/1/2003,3,13970.157,2.1956631,0.9478125,1.21921875,1.67828125,2.19625,3.138125,4.22765625,5.280625,3292.3,6.133333333,30.21333333,138.0666667,10424.1,130198,91.2834,85.05266667,1041.766667,1168.333333
10/1/2003,4,14131.379,2.057973133,0.93516129,1.296451613,1.856290323,2.380483871,3.244677419,4.28516129,5.253709677,3276.933333,5.833333333,31.19,139.2333333,10452.76667,130505.3333,92.1632,85.43366667,1047.066667,1122
1/1/2004,1,14212.34,2.048640233,0.933709677,1.221451613,1.686612903,2.163064516,2.980967742,4.01,5.028548387,3274.366667,5.7,35.25666667,142.2,10499.2,130912,92.8046,85.90366667,1064.233333,1200
4/1/2004,2,14323.017,2.2917045,1.096129032,1.775483871,2.454677419,2.971935484,3.720967742,4.597096774,5.41983871,3317.933333,5.6,38.33,146.2666667,10608.23333,131632.6667,93.33006667,86.39433333,1065.966667,1202.333333
7/1/2004,3,14457.832,2.253927533,1.51390625,2.075,2.5565625,2.91953125,3.505625,4.30140625,5.1453125,3333.966667,5.433333333,43.86,147.7,10684.33333,131959.3333,93.85183333,86.704,1085.066667,1159
10/1/2004,4,14605.595,2.284106133,2.047419355,2.472741935,2.822419355,3.058870968,3.493709677,4.175806452,4.933548387,3342.266667,5.433333333,48.30666667,150.5333333,10819.2,132524.6667,95.19413333,87.174,1107.033333,1242
1/1/2005,1,14767.846,2.2827626,2.589180328,3.072459016,3.454918033,3.623934426,3.890819672,4.303606557,4.704262295,3344.2,5.3,49.70666667,152.0666667,10688.26667,132987.3333,96.5363,87.794,1109.933333,1283.333333
4/1/2005,2,14839.707,2.265677567,2.92671875,3.33734375,3.6459375,3.73234375,3.87296875,4.15859375,4.47015625,3345.066667,5.1,53.04333333,154.5333333,10792.03333,133716.6667,97.05966667,88.22933333,1137.933333,1273.333333
7/1/2005,3,14956.291,2.299853833,3.43828125,3.79109375,3.95796875,3.98921875,4.039375,4.21515625,4.42515625,3342.233333,4.966666667,63.08,158.7,10837.1,134453.3333,96.6457,88.57333333,1151.833333,1296
10/1/2005,4,15041.232,2.408667233,3.913606557,4.28852459,4.364590164,4.372295082,4.391147541,4.488196721,4.654262295,3355.566667,4.966666667,60.03333333,164.3,10928.06667,134932.3333,97.50963333,89.16466667,1114.733333,1263
1/1/2006,1,15244.088,2.510497833,4.506612903,4.640322581,4.604677419,4.582580645,4.552419355,4.577096774,4.632741935,3381.666667,4.733333333,63.34666667,162.7666667,11147.93333,135737.6667,98.42266667,89.68133333,1154.133333,1117
4/1/2006,2,15281.525,2.8330273,4.83015873,5.021428571,4.997936508,4.987301587,4.993174603,5.072698413,5.143015873,3387.2,4.633333333,70.53,165.4,11190.4,136258,99.00436667,90.39566667,1149.233333,1094.333333
7/1/2006,3,15304.517,3.177041733,5.035079365,5.091111111,4.929047619,4.868412698,4.842222222,4.893492063,4.994285714,3404.066667,4.633333333,70.44333333,166.7,11212.73333,136685.6667,99.3807,90.88266667,1160.533333,1005.333333
10/1/2006,4,15433.643,3.1878481,5.031774194,4.988225806,4.737580645,4.648709677,4.601774194,4.630645161,4.741935484,3474.966667,4.433333333,60.09333333,164.1333333,11355.3,137054.6667,99.59443333,91.274,1169.4,980.6666667
1/1/2007,1,15478.956,3.138764533,5.114032258,5.007580645,4.760483871,4.679677419,4.643387097,4.679032258,4.796451613,3490.3,4.5,58.13,166.7,11439.43333,137609.3333,100.5651,91.904,1179.033333,850.6666667
4/1/2007,2,15577.779,2.7935353,4.87203125,4.93421875,4.80375,4.76359375,4.76078125,4.84609375,4.98890625,3509.533333,4.5,64.97,172.8333333,11491.33333,137968,101.8023,92.28633333,1185.7,840.6666667
7/1/2007,3,15671.605,2.495687867,4.434285714,4.535079365,4.390793651,4.416507937,4.512698413,4.738412698,4.948888889,3542.266667,4.666666667,75.5,173.6666667,11511.23333,138049.3333,101.9623667,92.73933333,1191.9,721
10/1/2007,4,15767.146,2.6241427,3.491612903,3.635,3.489677419,3.513387097,3.797580645,4.266612903,4.612258065,3536.333333,4.8,90.85,177.4333333,11529.33333,138283.3333,102.2737,93.38066667,1195.566667,662.3333333
1/1/2008,1,15702.906,2.684124033,2.10442623,2.11295082,2.029344262,2.170983607,2.75147541,3.665245902,4.412131148,3564.4,5,97.95333333,183.8666667,11548.76667,138334,101.9478667,93.875,1153.5,585
4/1/2008,2,15792.773,2.818849467,1.65015625,2.0659375,2.41640625,2.6590625,3.155,3.8815625,4.5740625,3578.633333,5.333333333,123.9633333,196,11772.3,137860,100.4341333,94.26966667,1137.733333,509
7/1/2008,3,15709.562,3.058479533,1.5203125,2.12640625,2.36,2.63296875,3.1128125,3.8621875,4.44921875,3567.733333,6,117.9833333,200.4666667,11537.46667,137152.3333,97.17253333,94.75066667,1095.833333,448.3333333
10/1/2008,4,15366.607,2.782029267,0.311774194,0.989193548,1.215483871,1.480967742,2.172741935,3.234677419,3.661774194,3768.833333,6.866666667,58.37,178.0333333,11661.96667,135552,93.00076667,94.67566667,1008,386.3333333
1/1/2009,1,15187.475,2.521774967,0.212295082,0.571967213,0.904262295,1.27147541,1.761311475,2.736229508,3.456721311,3915.366667,8.266666667,42.96,169.5333333,11636.7,133293,87.73146667,94.67466667,1004.466667,349
4/1/2009,2,15161.772,2.2516231,0.171269841,0.521111111,1.017619048,1.495396825,2.241746032,3.320793651,4.172380952,3941.233333,9.3,59.54333333,171.3333333,11699.26667,131433.3333,85.26273333,95.046,994.7,368.6666667
7/1/2009,3,15216.647,1.769651967,0.16,0.44796875,1.03,1.55796875,2.4675,3.5178125,4.3225,3921.566667,9.633333333,68.20333333,173.8666667,11557.36667,130465.6667,86.62123333,95.38266667,1035.1,405
10/1/2009,4,15379.155,1.405783367,0.060483871,0.354677419,0.877903226,1.39,2.304193548,3.464032258,4.335645161,3911.6,9.933333333,76.06666667,176.9,11579.7,129963.3333,87.9825,95.977,1014.2,374.3333333
1/1/2010,1,15456.059,1.05456261,0.109836066,0.364590164,0.917704918,1.468852459,2.427377049,3.717868852,4.62442623,3905.733333,9.833333333,78.62666667,182.0666667,11667.43333,129789,89.6896,96.305,1021.1,354
4/1/2010,2,15605.628,0.820244103,0.14828125,0.37828125,0.873125,1.3790625,2.25484375,3.4925,4.3715625,3947.6,9.633333333,77.89,184.2333333,11860.9,130423.6667,91.46686667,96.565,1043.933333,335.6666667
7/1/2010,3,15726.282,0.704278477,0.15484375,0.26890625,0.53875,0.83390625,1.545,2.78453125,3.85609375,3974.9,9.466666667,76.16666667,184.6333333,11936.63333,130402,92.6779,96.71333333,1052.433333,294
10/1/2010,4,15807.995,0.779456523,0.139516129,0.259193548,0.487096774,0.753225806,1.503387097,2.878387097,4.167096774,3993.533333,9.5,85.02666667,188,11980.33333,130732.3333,93.03806667,97.01866667,1078.466667,301.3333333
1/1/2011,1,15769.911,1.09000671,0.126774194,0.272096774,0.693709677,1.160322581,2.119354839,3.457419355,4.559193548,4001.2,9.033333333,93.98,195.9,12094.9,131060.6667,93.52096667,97.44533333,1087.933333,292.3333333
4/1/2011,2,15876.839,1.258666033,0.045238095,0.204126984,0.561587302,0.944285714,1.854444444,3.201428571,4.338253968,4042,9.066666667,102.5533333,203.7,12064.13333,131748,93.87816667,98.015,1082.9,305.3333333
7/1/2011,3,15870.684,1.602472367,0.025,0.1334375,0.27921875,0.46625,1.1440625,2.41421875,3.6909375,4181.133333,9,89.71,203.8333333,12117.73333,132160.6667,94.9447,98.462,1090.733333,299.6666667
10/1/2011,4,16048.702,1.909977133,0.014754098,0.113934426,0.263606557,0.416721311,0.952622951,2.046721311,3.040983607,4233.3,8.633333333,94.06333333,200.7666667,12152.3,132717.3333,95.8752,98.813,1112.4,328.3333333
1/1/2012,1,16179.968,2.086292467,0.070645161,0.156451613,0.289516129,0.419677419,0.898387097,2.04,3.143387097,4284.766667,8.266666667,102.8933333,202.1666667,12375.66667,133504.6667,96.79986667,99.43633333,1138.1,351.6666667
4/1/2012,2,16253.726,2.208074633,0.08828125,0.188125,0.28953125,0.4028125,0.78890625,1.82578125,2.93765625,4343.166667,8.2,93.48,201.8,12486.43333,133925,97.41283333,99.84766667,1133.566667,361.3333333
7/1/2012,3,16282.151,2.217818267,0.101587302,0.181904762,0.257777778,0.346666667,0.668888889,1.641269841,2.743968254,4405,8.033333333,92.27,202.4,12404.73333,134336,97.39743333,100.1363333,1141.666667,376.3333333
10/1/2012,4,16300.035,2.1709293,0.089672131,0.172295082,0.267540984,0.359508197,0.690163934,1.70704918,2.863114754,4475.5,7.8,88.16,202.2666667,12750.9,134860.6667,97.9101,100.579,1163.566667,383
1/1/2013,1,16441.485,2.104738867,0.086333333,0.149833333,0.262833333,0.3915,0.822666667,1.951,3.134666667,4521.7,7.733333333,94.35333333,203.6,12248.63333,135494.6667,98.62396667,100.9826667,1188.766667,445.6666667
4/1/2013,2,16464.402,1.906615933,0.0515625,0.12796875,0.27015625,0.4334375,0.909375,1.98625,3.140625,4582.266667,7.533333333,94.22333333,203.9666667,12339.76667,136079.3333,99.0906,101.291,1185.433333,446.3333333
7/1/2013,3,16594.743,1.8908401,0.0321875,0.1225,0.3659375,0.7071875,1.50375,2.7065625,3.714375,4623.833333,7.233333333,105.8233333,204.1666667,12387.23333,136609.6667,99.49226667,101.6836667,1188.933333,386.3333333
10/1/2013,4,16712.76,1.877670867,0.06016129,0.125322581,0.327258065,0.632580645,1.439032258,2.744193548,3.786129032,4691.1,6.933333333,97.34333333,201.9,12424.66667,137239,100.1529333,102.1806667,1194.5,441
1/1/2014,1,16654.247,1.810619167,0.049344262,0.120491803,0.374754098,0.763934426,1.603442623,2.765409836,3.684918033,4730.766667,6.666666667,98.74666667,205.5,12580.46667,137743.3333,100.8693333,102.533,1203.5,422.6666667
4/1/2014,2,16868.109,2.0989122,0.033015873,0.103015873,0.41952381,0.871904762,1.657619048,2.620952381,3.442539683,4779.466667,6.2,103.3466667,208.2,12747.06667,138547,102.2128,103.04,1239.433333,424
7/1/2014,3,17064.616,2.005786867,0.02640625,0.109375,0.515,0.98390625,1.7015625,2.49953125,3.2653125,4830.2,6.066666667,97.78,207.1333333,12890.06667,139297.3333,102.8276,103.4376667,1255.6,442.6666667
10/1/2014,4,17141.235,1.993836767,0.022580645,0.152258065,0.536612903,0.967580645,1.600967742,2.275967742,2.966129032,4903.833333,5.7,73.16,200.4333333,13069.53333,140101.3333,103.4239667,103.7353333,1269.733333,471.6666667
1/1/2015,1,17280.647,1.988929,0.024590164,0.225409836,0.604590164,0.969672131,1.457213115,1.968852459,2.55147541,5026.2,5.533333333,48.54,191.5333333,13243.4,140772.3333,102.3238667,103.9386667,1283.8,511.6666667
4/1/2015,2,17380.875,2.081581033,0.01828125,0.2503125,0.61265625,0.96890625,1.52515625,2.164375,2.88203125,5049.133333,5.433333333,57.84666667,193.0333333,13280.06667,141472.6667,100.8776667,104.384,1309.633333,494.6666667
7/1/2015,3,17437.08,2.200372833,0.04265625,0.3478125,0.6925,1.02328125,1.55578125,2.223125,2.96,5091.666667,5.1,46.41666667,191.6333333,13357,142136,100.8875333,104.6986667,1318.533333,493.3333333
10/1/2015,4,17462.579,2.3983863,0.125483871,0.467258065,0.838225806,1.137258065,1.584193548,2.190483871,2.960645161,5161.366667,5.033333333,41.95,185.5666667,13439.83333,142836,99.4672,104.926,1318.5,510.6666667
1/1/2016,1,17565.465,2.5142698,0.290491803,0.580983607,0.836229508,1.023442623,1.369836066,1.914262295,2.71852459,5276.533333,4.9,33.18333333,182,13541.63333,143425.3333,98.8778,105.3646667,1328.733333,518
4/1/2016,2,17618.581,2.5593518,0.259375,0.56625,0.77125,0.91609375,1.24046875,1.75015625,2.5659375,5327.933333,4.933333333,45.40666667,185.3666667,13519.53333,143964.3333,98.4921,105.937,1335.9,568
7/1/2016,3,17724.489,2.643586933,0.29828125,0.559375,0.728125,0.8496875,1.12859375,1.564375,2.28,5390.233333,4.9,44.85,187.0666667,13584.76667,144712.6667,98.74336667,106.4306667,1354.7,587
10/1/2016,4,17812.56,2.543421233,0.433278689,0.755737705,1.009508197,1.238688525,1.614754098,2.138688525,2.83,5436.566667,4.766666667,49.13666667,187.0666667,13656.93333,145229,98.5983,106.8183333,1361.433333,569
1/1/2017,1,17896.623,2.596455333,0.606129032,0.892580645,1.244354839,1.516451613,1.947903226,2.446612903,3.046129032,5475.6,4.566666667,51.76666667,191.2666667,13795.23333,145802,98.73956667,107.2893333,1370.666667,607.3333333
4/1/2017,2,17996.802,2.182203667,0.908095238,1.125714286,1.297619048,1.472063492,1.811111111,2.260952381,2.896984127,5540.533333,4.366666667,48.24,193.1333333,13931.9,146379.3333,100.1625,107.7206667,1377,614.3333333
7/1/2017,3,18126.226,2.114432667,1.053968254,1.243492063,1.362698413,1.51015873,1.813492063,2.241428571,2.817460317,5574.766667,4.333333333,48.16333333,194.0333333,14015.53333,146897.6667,99.88773333,108.0896667,1397.733333,575
10/1/2017,4,18296.685,2.144440667,1.226612903,1.550322581,1.694354839,1.812903226,2.069193548,2.371451613,2.816774194,5586.233333,4.166666667,55.36666667,195.7,14084.2,147345,101.2102,108.6386667,1441.133333,667
1/1/2018,1,18436.262,2.218791333,1.582131148,1.942459016,2.160491803,2.306721311,2.534918033,2.75852459,3.030163934,5582.5,4.033333333,62.88666667,198.8333333,14253.26667,148005,101.7678667,109.2916667,1449.366667,644.6666667
4/1/2018,2,18590.004,2.531922333,1.8746875,2.2521875,2.47703125,2.6090625,2.765625,2.920625,3.0853125,5602.233333,3.933333333,68.03333333,202.5666667,14372.96667,148751,103.0849333,109.9423333,1471.233333,645.3333333
7/1/2018,3,18679.599,2.479114333,2.074603175,2.46015873,2.665873016,2.743492063,2.809047619,2.923809524,3.063015873,5631.966667,3.766666667,69.75666667,203.7666667,14491.8,149215,103.9482667,110.32,1478.233333,588.6666667
10/1/2018,4,18721.281,2.447143,2.356721311,2.668196721,2.802786885,2.844262295,2.883606557,3.041147541,3.270655738,5649.733333,3.833333333,59.07666667,202.6333333,14599.13333,149621.6667,103.9223667,110.8283333,1477.8,576.6666667
1/1/2019,1,18833.195,2.382080333,2.43852459,2.539672131,2.485081967,2.455409836,2.464918033,2.65295082,3.011803279,5713.233333,3.866666667,54.82666667,199.7,14729.63333,150190.6667,102.9646,111.1366667,1473.3,674.6666667
4/1/2019,2,18982.528,2.414102,2.354761905,2.258888889,2.127936508,2.088253968,2.121111111,2.338888889,2.781428571,5735.866667,3.6,59.78333333,201.3666667,14679.3,150730.6667,102.3634,111.7826667,1509.266667,673
7/1/2019,3,19112.653,2.572628667,2.02609375,1.845,1.6859375,1.63265625,1.62859375,1.79796875,2.2871875,5822.766667,3.633333333,56.37,199.4333333,14763.13333,151082,102.3531,112.2686667,1531.433333,673
10/1/2019,4,19202.31,2.739722,1.607580645,1.575806452,1.591129032,1.589677419,1.613387097,1.791935484,2.254354839,5911,3.6,56.95666667,198.8666667,14850.46667,151571.6667,101.69,112.6466667,1539.2,712
1/1/2020,1,18951.992,2.747440667,1.104032258,1.067741935,1.081451613,1.093387097,1.14483871,1.365,1.870806452,6038.533333,3.8,45.75666667,196.3666667,14963.1,151879.3333,99.95473333,113.135,1484.9,703
4/1/2020,2,17258.205,2.127897,0.142222222,0.174285714,0.193650794,0.240793651,0.357460317,0.687619048,1.380793651,6885.3,12.96666667,27.80666667,188.4333333,16520.33333,133776,87.06913333,112.919,1468.266667,708.3333333
7/1/2020,3,18560.774,2.245360667,0.1134375,0.1346875,0.1409375,0.16453125,0.27171875,0.650625,1.36296875,7093.533333,8.833333333,40.89333333,194.2666667,15783.06667,140464.3333,95.461,113.904,1753.3,973.3333333
10/1/2020,4,18767.778,1.776489333,0.092903226,0.114516129,0.149677419,0.196451613,0.369516129,0.864516129,1.619032258,7261.3,6.766666667,42.45333333,198.4333333,15442.9,142462.6667,97.3639,114.255,1759.2,925.6666667
1/1/2021,1,19055.655,1.573329667,0.051147541,0.082459016,0.132131148,0.247868852,0.618032787,1.335901639,2.086557377,7442.766667,6.2,57.79,210.1333333,17218.76667,143725,98.322,115.0093333,1957.833333,896.3333333
4/1/2021,2,19368.31,2.504185,0.02515625,0.0596875,0.17421875,0.3540625,0.840625,1.59078125,2.25796875,7564,5.9,66.09,223.9,15806.56667,145177.6667,99.8782,116.731,2092.166667,737.3333333
7/1/2021,3,19478.893,2.442801667,0.0496875,0.07546875,0.22578125,0.43125,0.7996875,1.32484375,1.93140625,7622.166667,5.1,70.62333333,233.6476667,15640.5,146873,100.7069667,118.0446667,1995.133333,699
10/1/2021,4,19806.29,3.23834,0.054193548,0.200322581,0.531774194,0.818548387,1.180967742,1.533387097,1.944354839,7658.666667,4.233333333,77.44666667,241.693,15417.7,148632.3333,101.6436667,119.4966667,2059.733333,763.6666667
1/1/2022,1,19735.895,4.27755332,0.309354839,0.980322581,1.464516129,1.682580645,1.833870968,1.951129032,2.258387097,7638.866667,3.8,94.45333333,252.808,15339.43333,150387.6667,103.6352333,121.008,2113.833333,814.3333333
